x[mm];y[mm];z[mm];x-displacement[mm];y-displacement[mm];z-displacement[mm]
-39.6852;224.758;0.144696;0;0;0
-30.8597;224.758;0.130351;0;0;0
-22.0342;224.758;0.173402;0;0;0
-13.2088;224.758;0.219783;0;0;0
-4.38334;224.758;0.115697;0;0;0
4.44212;224.758;0.0164864;0;0;0
13.2676;224.758;-0.0263853;0;0;0
22.093;224.758;-0.0573264;0;0;0
30.9185;224.758;-0.100435;0;0;0
39.7439;224.758;-0.161848;0;0;0
48.5694;224.758;-0.209182;0;0;0
57.3948;224.758;-0.262983;0;0;0
-39.6852;215.933;-0.0236217;0;0;0
-30.8597;215.933;-0.110706;0;0;0
-22.0342;215.933;-0.217603;0;0;0
-13.2088;215.933;-0.282745;0;0;0
-4.38334;215.933;-0.258786;0;0;0
4.44212;215.933;-0.243161;0;0;0
13.2676;215.933;-0.236875;0;0;0
22.093;215.933;-0.216982;0;0;0
30.9185;215.933;-0.190114;0;0;0
39.7439;215.933;-0.184509;0;0;0
48.5694;215.933;-0.226374;0;0;0
57.3948;215.933;-0.282106;0;0;0
66.2203;215.933;-0.344594;0;0;0
75.0458;215.933;-0.390934;0;0;0
83.8712;215.933;-0.393792;0;0;0
92.6967;215.933;-0.352673;0;0;0
-74.987;207.107;0.310109;0;0;0
-66.1615;207.107;0.220077;0;0;0
-57.3361;207.107;0.0527837;0;0;0
-48.5106;207.107;-0.00835472;0;0;0
-39.6852;207.107;-0.0847791;0;0;0
-30.8597;207.107;-0.343077;0;0;0
-22.0342;207.107;-0.616261;0;0;0
-13.2088;207.107;-0.691359;0;0;0
-4.38334;207.107;-0.578334;0;0;0
4.44212;207.107;-0.485139;0;0;0
13.2676;207.107;-0.40193;0;0;0
22.093;207.107;-0.315914;0;0;0
30.9185;207.107;-0.244018;0;0;0
39.7439;207.107;-0.213265;0;0;0
48.5694;207.107;-0.231486;0;0;0
57.3948;207.107;-0.284992;0;0;0
66.2203;207.107;-0.341313;0;0;0
75.0458;207.107;-0.380589;0;0;0
83.8712;207.107;-0.390712;0;0;0
92.6967;207.107;-0.374898;0;0;0
-110.289;198.282;0.583516;0;0;0
-101.463;198.282;0.489507;0;0;0
-92.6379;198.282;0.390211;0;0;0
-83.8124;198.282;0.339983;0;0;0
-74.987;198.282;0.263229;0;0;0
-66.1615;198.282;0.117529;0;0;0
-57.3361;198.282;-0.0883866;0;0;0
-48.5106;198.282;-0.117861;0;0;0
-39.6852;198.282;-0.151734;0;0;0
-30.8597;198.282;-0.371237;0;0;0
-22.0342;198.282;-0.571981;0;0;0
-13.2088;198.282;-0.599976;0;0;0
-4.38334;198.282;-0.463282;0;0;0
4.44212;198.282;-0.364679;0;0;0
13.2676;198.282;-0.290782;0;0;0
22.093;198.282;-0.237665;0;0;0
30.9185;198.282;-0.20546;0;0;0
39.7439;198.282;-0.194017;0;0;0
48.5694;198.282;-0.199538;0;0;0
57.3948;198.282;-0.240019;0;0;0
66.2203;198.282;-0.284398;0;0;0
75.0458;198.282;-0.313877;0;0;0
83.8712;198.282;-0.315215;0;0;0
92.6967;198.282;-0.30735;0;0;0
101.522;198.282;-0.292857;0;0;0
110.348;198.282;-0.266497;0;0;0
-119.114;189.456;0.659377;0;0;0
-110.289;189.456;0.623995;0;0;0
-101.463;189.456;0.583998;0;0;0
-92.6379;189.456;0.499634;0;0;0
-83.8124;189.456;0.376132;0;0;0
-74.987;189.456;0.209713;0;0;0
-66.1615;189.456;0.0105991;0;0;0
-57.3361;189.456;-0.165576;0;0;0
-48.5106;189.456;-0.22232;0;0;0
-39.6852;189.456;-0.204346;0;0;0
-30.8597;189.456;-0.258025;0;0;0
-22.0342;189.456;-0.310302;0;0;0
-13.2088;189.456;-0.287012;0;0;0
-4.38334;189.456;-0.184105;0;0;0
4.44212;189.456;-0.130452;0;0;0
13.2676;189.456;-0.107682;0;0;0
22.093;189.456;-0.107904;0;0;0
30.9185;189.456;-0.11755;0;0;0
39.7439;189.456;-0.125036;0;0;0
48.5694;189.456;-0.12687;0;0;0
57.3948;189.456;-0.15668;0;0;0
66.2203;189.456;-0.192424;0;0;0
75.0458;189.456;-0.217161;0;0;0
83.8712;189.456;-0.224744;0;0;0
92.6967;189.456;-0.224059;0;0;0
101.522;189.456;-0.222112;0;0;0
110.348;189.456;-0.204009;0;0;0
119.173;189.456;-0.165647;0;0;0
127.998;189.456;-0.110056;0;0;0
136.824;189.456;-0.089791;0;0;0
-136.765;180.631;0.802351;0;0;0
-127.94;180.631;0.74136;0;0;0
-119.114;180.631;0.686113;0;0;0
-110.289;180.631;0.664279;0;0;0
-101.463;180.631;0.664402;0;0;0
-92.6379;180.631;0.523733;0;0;0
-83.8124;180.631;0.277093;0;0;0
-74.987;180.631;0.0972331;0;0;0
-66.1615;180.631;0.0192403;0;0;0
-57.3361;180.631;-0.0384827;0;0;0
-48.5106;180.631;-0.169323;0;0;0
-39.6852;180.631;-0.144168;0;0;0
-30.8597;180.631;-0.0963;0;0;0
-22.0342;180.631;-0.0527723;0;0;0
-13.2088;180.631;-0.0100783;0;0;0
-4.38334;180.631;0.0303358;0;0;0
4.44212;180.631;0.0252143;0;0;0
13.2676;180.631;0.00450403;0;0;0
22.093;180.631;-0.018546;0;0;0
30.9185;180.631;-0.0338622;0;0;0
39.7439;180.631;-0.0388275;0;0;0
48.5694;180.631;-0.0408076;0;0;0
57.3948;180.631;-0.0684124;0;0;0
66.2203;180.631;-0.0989539;0;0;0
75.0458;180.631;-0.11699;0;0;0
83.8712;180.631;-0.123474;0;0;0
92.6967;180.631;-0.135698;0;0;0
101.522;180.631;-0.159817;0;0;0
110.348;180.631;-0.164297;0;0;0
119.173;180.631;-0.142405;0;0;0
127.998;180.631;-0.0925073;0;0;0
136.824;180.631;-0.0336097;0;0;0
145.649;180.631;-0.0379364;0;0;0
154.475;180.631;-0.0880527;0;0;0
-145.591;171.805;0.86955;0;0;0
-136.765;171.805;0.823981;0;0;0
-127.94;171.805;0.752558;0;0;0
-119.114;171.805;0.659385;0;0;0
-110.289;171.805;0.605675;0;0;0
-101.463;171.805;0.586648;0;0;0
-92.6379;171.805;0.353907;0;0;0
-83.8124;171.805;0.0423124;0;0;0
-74.987;171.805;0.0235992;0;0;0
-66.1615;171.805;0.190632;0;0;0
-57.3361;171.805;0.257199;0;0;0
-48.5106;171.805;0.104918;0;0;0
-39.6852;171.805;0.0433318;0;0;0
-30.8597;171.805;0.0524267;0;0;0
-22.0342;171.805;0.0785416;0;0;0
-13.2088;171.805;0.0910024;0;0;0
-4.38334;171.805;0.078394;0;0;0
4.44212;171.805;0.0379231;0;0;0
13.2676;171.805;0.0116114;0;0;0
22.093;171.805;0.000758321;0;0;0
30.9185;171.805;0.00878433;0;0;0
39.7439;171.805;0.025114;0;0;0
48.5694;171.805;0.0270535;0;0;0
57.3948;171.805;0.00249064;0;0;0
66.2203;171.805;-0.0158436;0;0;0
75.0458;171.805;-0.019499;0;0;0
83.8712;171.805;-0.0225791;0;0;0
92.6967;171.805;-0.0516835;0;0;0
101.522;171.805;-0.107861;0;0;0
110.348;171.805;-0.127719;0;0;0
119.173;171.805;-0.118421;0;0;0
127.998;171.805;-0.0956692;0;0;0
136.824;171.805;-0.0720438;0;0;0
145.649;171.805;-0.000470801;0;0;0
154.475;171.805;-0.0605814;0;0;0
163.3;171.805;-0.197614;0;0;0
-145.591;162.98;0.837597;0;0;0
-136.765;162.98;0.816915;0;0;0
-127.94;162.98;0.763065;0;0;0
-119.114;162.98;0.671533;0;0;0
-110.289;162.98;0.60992;0;0;0
-101.463;162.98;0.578392;0;0;0
-92.6379;162.98;0.369591;0;0;0
-83.8124;162.98;0.145807;0;0;0
-74.987;162.98;0.285139;0;0;0
-66.1615;162.98;0.504146;0;0;0
-57.3361;162.98;0.49011;0;0;0
-48.5106;162.98;0.316794;0;0;0
-39.6852;162.98;0.244764;0;0;0
-30.8597;162.98;0.227106;0;0;0
-22.0342;162.98;0.207122;0;0;0
-13.2088;162.98;0.171305;0;0;0
-4.38334;162.98;0.1276;0;0;0
4.44212;162.98;0.0853959;0;0;0
13.2676;162.98;0.0692868;0;0;0
22.093;162.98;0.0652888;0;0;0
30.9185;162.98;0.0765865;0;0;0
39.7439;162.98;0.0964684;0;0;0
48.5694;162.98;0.107276;0;0;0
57.3948;162.98;0.0852653;0;0;0
66.2203;162.98;0.0618384;0;0;0
75.0458;162.98;0.0532975;0;0;0
83.8712;162.98;0.0460011;0;0;0
92.6967;162.98;0.0134802;0;0;0
101.522;162.98;-0.0480878;0;0;0
110.348;162.98;-0.0498414;0;0;0
119.173;162.98;-0.0175978;0;0;0
127.998;162.98;0.0241493;0;0;0
136.824;162.98;0.0615579;0;0;0
145.649;162.98;0.0962492;0;0;0
154.475;162.98;0.0230146;0;0;0
163.3;162.98;-0.0723203;0;0;0
-163.242;154.154;0.886553;0;0;0
-154.416;154.154;0.826943;0;0;0
-145.591;154.154;0.800904;0;0;0
-136.765;154.154;0.802877;0;0;0
-127.94;154.154;0.768334;0;0;0
-119.114;154.154;0.703513;0;0;0
-110.289;154.154;0.667398;0;0;0
-101.463;154.154;0.671508;0;0;0
-92.6379;154.154;0.564537;0;0;0
-83.8124;154.154;0.484761;0;0;0
-74.987;154.154;0.566829;0;0;0
-66.1615;154.154;0.636294;0;0;0
-57.3361;154.154;0.552936;0;0;0
-48.5106;154.154;0.39265;0;0;0
-39.6852;154.154;0.352508;0;0;0
-30.8597;154.154;0.341842;0;0;0
-22.0342;154.154;0.324446;0;0;0
-13.2088;154.154;0.286319;0;0;0
-4.38334;154.154;0.23356;0;0;0
4.44212;154.154;0.186996;0;0;0
13.2676;154.154;0.170387;0;0;0
22.093;154.154;0.146456;0;0;0
30.9185;154.154;0.129622;0;0;0
39.7439;154.154;0.126977;0;0;0
48.5694;154.154;0.12816;0;0;0
57.3948;154.154;0.0921526;0;0;0
66.2203;154.154;0.0547012;0;0;0
75.0458;154.154;0.049547;0;0;0
83.8712;154.154;0.0617202;0;0;0
92.6967;154.154;0.0582865;0;0;0
101.522;154.154;0.0266926;0;0;0
110.348;154.154;0.0431097;0;0;0
119.173;154.154;0.0870945;0;0;0
127.998;154.154;0.129544;0;0;0
136.824;154.154;0.143435;0;0;0
145.649;154.154;0.142593;0;0;0
154.475;154.154;0.0801879;0;0;0
163.3;154.154;0.000977632;0;0;0
172.126;154.154;-0.0531517;0;0;0
180.951;154.154;-0.0311223;0;0;0
-172.067;145.329;0.807606;0;0;0
-163.242;145.329;0.847531;0;0;0
-154.416;145.329;0.806696;0;0;0
-145.591;145.329;0.782828;0;0;0
-136.765;145.329;0.780434;0;0;0
-127.94;145.329;0.754241;0;0;0
-119.114;145.329;0.712524;0;0;0
-110.289;145.329;0.691507;0;0;0
-101.463;145.329;0.704234;0;0;0
-92.6379;145.329;0.680252;0;0;0
-83.8124;145.329;0.669418;0;0;0
-74.987;145.329;0.679457;0;0;0
-66.1615;145.329;0.646387;0;0;0
-57.3361;145.329;0.543389;0;0;0
-48.5106;145.329;0.422617;0;0;0
-39.6852;145.329;0.396665;0;0;0
-30.8597;145.329;0.386366;0;0;0
-22.0342;145.329;0.368195;0;0;0
-13.2088;145.329;0.326093;0;0;0
-4.38334;145.329;0.264675;0;0;0
4.44212;145.329;0.208638;0;0;0
13.2676;145.329;0.185411;0;0;0
22.093;145.329;0.155235;0;0;0
30.9185;145.329;0.128264;0;0;0
39.7439;145.329;0.111464;0;0;0
48.5694;145.329;0.100066;0;0;0
57.3948;145.329;0.0684286;0;0;0
66.2203;145.329;0.0461578;0;0;0
75.0458;145.329;0.06268;0;0;0
83.8712;145.329;0.100952;0;0;0
92.6967;145.329;0.131164;0;0;0
101.522;145.329;0.137413;0;0;0
110.348;145.329;0.153527;0;0;0
119.173;145.329;0.174566;0;0;0
127.998;145.329;0.187155;0;0;0
136.824;145.329;0.179387;0;0;0
145.649;145.329;0.162699;0;0;0
154.475;145.329;0.118982;0;0;0
163.3;145.329;0.0580524;0;0;0
172.126;145.329;0.00154549;0;0;0
180.951;145.329;0.00270379;0;0;0
189.777;145.329;-0.0437607;0;0;0
-180.892;136.504;0.829475;0;0;0
-172.067;136.504;0.805649;0;0;0
-163.242;136.504;0.813697;0;0;0
-154.416;136.504;0.794596;0;0;0
-145.591;136.504;0.77576;0;0;0
-136.765;136.504;0.75271;0;0;0
-127.94;136.504;0.723323;0;0;0
-119.114;136.504;0.691541;0;0;0
-110.289;136.504;0.668655;0;0;0
-101.463;136.504;0.664742;0;0;0
-92.6379;136.504;0.665932;0;0;0
-83.8124;136.504;0.651805;0;0;0
-74.987;136.504;0.639557;0;0;0
-66.1615;136.504;0.594988;0;0;0
-57.3361;136.504;0.513426;0;0;0
-48.5106;136.504;0.432535;0;0;0
-39.6852;136.504;0.396839;0;0;0
-30.8597;136.504;0.368579;0;0;0
-22.0342;136.504;0.331408;0;0;0
-13.2088;136.504;0.273207;0;0;0
-4.38334;136.504;0.201181;0;0;0
4.44212;136.504;0.140583;0;0;0
13.2676;136.504;0.122599;0;0;0
22.093;136.504;0.114553;0;0;0
30.9185;136.504;0.107246;0;0;0
39.7439;136.504;0.0950112;0;0;0
48.5694;136.504;0.0769003;0;0;0
57.3948;136.504;0.0582407;0;0;0
66.2203;136.504;0.0627894;0;0;0
75.0458;136.504;0.0885316;0;0;0
83.8712;136.504;0.120064;0;0;0
92.6967;136.504;0.148358;0;0;0
101.522;136.504;0.182392;0;0;0
110.348;136.504;0.193415;0;0;0
119.173;136.504;0.185475;0;0;0
127.998;136.504;0.174166;0;0;0
136.824;136.504;0.170106;0;0;0
145.649;136.504;0.157588;0;0;0
154.475;136.504;0.130062;0;0;0
163.3;136.504;0.0786284;0;0;0
172.126;136.504;0.020828;0;0;0
180.951;136.504;-0.00265896;0;0;0
189.777;136.504;-0.0116348;0;0;0
198.602;136.504;-0.0209186;0;0;0
-189.718;127.678;0.844846;0;0;0
-180.892;127.678;0.828924;0;0;0
-172.067;127.678;0.801448;0;0;0
-163.242;127.678;0.772076;0;0;0
-154.416;127.678;0.763932;0;0;0
-145.591;127.678;0.747952;0;0;0
-136.765;127.678;0.716373;0;0;0
-127.94;127.678;0.686062;0;0;0
-119.114;127.678;0.656039;0;0;0
-110.289;127.678;0.630273;0;0;0
-101.463;127.678;0.619002;0;0;0
-92.6379;127.678;0.603199;0;0;0
-83.8124;127.678;0.570625;0;0;0
-74.987;127.678;0.547975;0;0;0
-66.1615;127.678;0.515915;0;0;0
-57.3361;127.678;0.464648;0;0;0
-48.5106;127.678;0.406221;0;0;0
-39.6852;127.678;0.364236;0;0;0
-30.8597;127.678;0.317258;0;0;0
-22.0342;127.678;0.264204;0;0;0
-13.2088;127.678;0.195112;0;0;0
-4.38334;127.678;0.121168;0;0;0
4.44212;127.678;0.071985;0;0;0
13.2676;127.678;0.0781889;0;0;0
22.093;127.678;0.0984438;0;0;0
30.9185;127.678;0.115528;0;0;0
39.7439;127.678;0.113851;0;0;0
48.5694;127.678;0.0891779;0;0;0
57.3948;127.678;0.0547438;0;0;0
66.2203;127.678;0.0508032;0;0;0
75.0458;127.678;0.0435258;0;0;0
83.8712;127.678;0.00996811;0;0;0
92.6967;127.678;-0.0258809;0;0;0
101.522;127.678;0.0105902;0;0;0
110.348;127.678;0.038922;0;0;0
119.173;127.678;0.0469589;0;0;0
127.998;127.678;0.0627845;0;0;0
136.824;127.678;0.096991;0;0;0
145.649;127.678;0.101026;0;0;0
154.475;127.678;0.0734808;0;0;0
163.3;127.678;0.0277104;0;0;0
172.126;127.678;-0.0133822;0;0;0
180.951;127.678;-0.0266013;0;0;0
189.777;127.678;-0.0626959;0;0;0
198.602;127.678;-0.103846;0;0;0
207.428;127.678;0.108123;0;0;0
-189.718;118.853;0.792015;0;0;0
-180.892;118.853;0.770748;0;0;0
-172.067;118.853;0.756336;0;0;0
-163.242;118.853;0.721902;0;0;0
-154.416;118.853;0.712321;0;0;0
-145.591;118.853;0.704309;0;0;0
-136.765;118.853;0.676575;0;0;0
-127.94;118.853;0.650239;0;0;0
-119.114;118.853;0.623314;0;0;0
-110.289;118.853;0.605123;0;0;0
-101.463;118.853;0.605995;0;0;0
-92.6379;118.853;0.576178;0;0;0
-83.8124;118.853;0.51075;0;0;0
-74.987;118.853;0.460758;0;0;0
-66.1615;118.853;0.421909;0;0;0
-57.3361;118.853;0.382425;0;0;0
-48.5106;118.853;0.341352;0;0;0
-39.6852;118.853;0.314086;0;0;0
-30.8597;118.853;0.286054;0;0;0
-22.0342;118.853;0.247791;0;0;0
-13.2088;118.853;0.190214;0;0;0
-4.38334;118.853;0.133198;0;0;0
4.44212;118.853;0.106272;0;0;0
13.2676;118.853;0.1125;0;0;0
22.093;118.853;0.108312;0;0;0
30.9185;118.853;0.100004;0;0;0
39.7439;118.853;0.0764251;0;0;0
48.5694;118.853;0.0185353;0;0;0
57.3948;118.853;-0.0874984;0;0;0
66.2203;118.853;-0.167016;0;0;0
75.0458;118.853;-0.205024;0;0;0
83.8712;118.853;-0.302974;0;0;0
92.6967;118.853;-0.444649;0;0;0
101.522;118.853;-0.481439;0;0;0
110.348;118.853;-0.42047;0;0;0
119.173;118.853;-0.341089;0;0;0
127.998;118.853;-0.238193;0;0;0
136.824;118.853;-0.129135;0;0;0
145.649;118.853;-0.0921384;0;0;0
154.475;118.853;-0.097316;0;0;0
163.3;118.853;-0.110744;0;0;0
172.126;118.853;-0.113219;0;0;0
180.951;118.853;-0.0995761;0;0;0
189.777;118.853;-0.109909;0;0;0
198.602;118.853;-0.127878;0;0;0
207.428;118.853;0.0562418;0;0;0
-189.718;110.027;0.712601;0;0;0
-180.892;110.027;0.682247;0;0;0
-172.067;110.027;0.686482;0;0;0
-163.242;110.027;0.66218;0;0;0
-154.416;110.027;0.653484;0;0;0
-145.591;110.027;0.656086;0;0;0
-136.765;110.027;0.639825;0;0;0
-127.94;110.027;0.608124;0;0;0
-119.114;110.027;0.572519;0;0;0
-110.289;110.027;0.55261;0;0;0
-101.463;110.027;0.551412;0;0;0
-92.6379;110.027;0.517923;0;0;0
-83.8124;110.027;0.456506;0;0;0
-74.987;110.027;0.405808;0;0;0
-66.1615;110.027;0.362296;0;0;0
-57.3361;110.027;0.329053;0;0;0
-48.5106;110.027;0.308854;0;0;0
-39.6852;110.027;0.291543;0;0;0
-30.8597;110.027;0.268469;0;0;0
-22.0342;110.027;0.236275;0;0;0
-13.2088;110.027;0.18914;0;0;0
-4.38334;110.027;0.145118;0;0;0
4.44212;110.027;0.123493;0;0;0
13.2676;110.027;0.115469;0;0;0
22.093;110.027;0.0881116;0;0;0
30.9185;110.027;0.0577773;0;0;0
39.7439;110.027;0.0150848;0;0;0
48.5694;110.027;-0.0517935;0;0;0
57.3948;110.027;-0.141246;0;0;0
66.2203;110.027;-0.179126;0;0;0
75.0458;110.027;-0.173451;0;0;0
83.8712;110.027;-0.276364;0;0;0
92.6967;110.027;-0.472678;0;0;0
101.522;110.027;-0.607892;0;0;0
110.348;110.027;-0.598959;0;0;0
119.173;110.027;-0.528729;0;0;0
127.998;110.027;-0.410606;0;0;0
136.824;110.027;-0.277395;0;0;0
145.649;110.027;-0.192591;0;0;0
154.475;110.027;-0.160542;0;0;0
163.3;110.027;-0.1381;0;0;0
172.126;110.027;-0.113297;0;0;0
180.951;110.027;-0.0866274;0;0;0
189.777;110.027;-0.0673527;0;0;0
198.602;110.027;-0.0735435;0;0;0
207.428;110.027;0.0397552;0;0;0
-198.543;101.202;0.825176;0;0;0
-189.718;101.202;0.727355;0;0;0
-180.892;101.202;0.67054;0;0;0
-172.067;101.202;0.657773;0;0;0
-163.242;101.202;0.635369;0;0;0
-154.416;101.202;0.624133;0;0;0
-145.591;101.202;0.61711;0;0;0
-136.765;101.202;0.585559;0;0;0
-127.94;101.202;0.530748;0;0;0
-119.114;101.202;0.478394;0;0;0
-110.289;101.202;0.457962;0;0;0
-101.463;101.202;0.470686;0;0;0
-92.6379;101.202;0.465853;0;0;0
-83.8124;101.202;0.443879;0;0;0
-74.987;101.202;0.402938;0;0;0
-66.1615;101.202;0.353035;0;0;0
-57.3361;101.202;0.303067;0;0;0
-48.5106;101.202;0.263452;0;0;0
-39.6852;101.202;0.243559;0;0;0
-30.8597;101.202;0.229701;0;0;0
-22.0342;101.202;0.211564;0;0;0
-13.2088;101.202;0.186334;0;0;0
-4.38334;101.202;0.162126;0;0;0
4.44212;101.202;0.146074;0;0;0
13.2676;101.202;0.132674;0;0;0
22.093;101.202;0.0992203;0;0;0
30.9185;101.202;0.0559388;0;0;0
39.7439;101.202;0.00434091;0;0;0
48.5694;101.202;-0.0302398;0;0;0
57.3948;101.202;-0.0107591;0;0;0
66.2203;101.202;0.0730591;0;0;0
75.0458;101.202;0.117496;0;0;0
83.8712;101.202;0.029797;0;0;0
92.6967;101.202;-0.160584;0;0;0
101.522;101.202;-0.342924;0;0;0
110.348;101.202;-0.378394;0;0;0
119.173;101.202;-0.34672;0;0;0
127.998;101.202;-0.276132;0;0;0
136.824;101.202;-0.19244;0;0;0
145.649;101.202;-0.121111;0;0;0
154.475;101.202;-0.0876503;0;0;0
163.3;101.202;-0.0601142;0;0;0
172.126;101.202;-0.0460242;0;0;0
180.951;101.202;-0.0498607;0;0;0
189.777;101.202;-0.0489153;0;0;0
198.602;101.202;-0.0149743;0;0;0
207.428;101.202;0.0338684;0;0;0
-198.543;92.3763;0.862127;0;0;0
-189.718;92.3763;0.761483;0;0;0
-180.892;92.3763;0.688168;0;0;0
-172.067;92.3763;0.661485;0;0;0
-163.242;92.3763;0.641107;0;0;0
-154.416;92.3763;0.613251;0;0;0
-145.591;92.3763;0.57607;0;0;0
-136.765;92.3763;0.519452;0;0;0
-127.94;92.3763;0.453468;0;0;0
-119.114;92.3763;0.405294;0;0;0
-110.289;92.3763;0.393996;0;0;0
-101.463;92.3763;0.41407;0;0;0
-92.6379;92.3763;0.431192;0;0;0
-83.8124;92.3763;0.428687;0;0;0
-74.987;92.3763;0.401559;0;0;0
-66.1615;92.3763;0.355822;0;0;0
-57.3361;92.3763;0.294459;0;0;0
-48.5106;92.3763;0.235838;0;0;0
-39.6852;92.3763;0.21219;0;0;0
-30.8597;92.3763;0.211438;0;0;0
-22.0342;92.3763;0.20585;0;0;0
-13.2088;92.3763;0.195131;0;0;0
-4.38334;92.3763;0.184574;0;0;0
4.44212;92.3763;0.175134;0;0;0
13.2676;92.3763;0.159432;0;0;0
22.093;92.3763;0.128402;0;0;0
30.9185;92.3763;0.0825016;0;0;0
39.7439;92.3763;0.0227345;0;0;0
48.5694;92.3763;0.00843249;0;0;0
57.3948;92.3763;0.105378;0;0;0
66.2203;92.3763;0.278399;0;0;0
75.0458;92.3763;0.337605;0;0;0
83.8712;92.3763;0.281467;0;0;0
92.6967;92.3763;0.150927;0;0;0
101.522;92.3763;0.0163398;0;0;0
110.348;92.3763;-0.0144104;0;0;0
119.173;92.3763;-0.015828;0;0;0
127.998;92.3763;-0.00754719;0;0;0
136.824;92.3763;0.0072196;0;0;0
145.649;92.3763;0.0318402;0;0;0
154.475;92.3763;0.0470591;0;0;0
163.3;92.3763;0.0563037;0;0;0
172.126;92.3763;0.0266138;0;0;0
180.951;92.3763;-0.0397053;0;0;0
189.777;92.3763;-0.0732665;0;0;0
198.602;92.3763;-0.0244876;0;0;0
207.428;92.3763;0.0608972;0;0;0
-216.194;83.5508;0.808671;0;0;0
-207.369;83.5508;0.897197;0;0;0
-198.543;83.5508;0.867421;0;0;0
-189.718;83.5508;0.778533;0;0;0
-180.892;83.5508;0.697824;0;0;0
-172.067;83.5508;0.662529;0;0;0
-163.242;83.5508;0.630067;0;0;0
-154.416;83.5508;0.571139;0;0;0
-145.591;83.5508;0.51232;0;0;0
-136.765;83.5508;0.453704;0;0;0
-127.94;83.5508;0.405051;0;0;0
-119.114;83.5508;0.37376;0;0;0
-110.289;83.5508;0.363348;0;0;0
-101.463;83.5508;0.371716;0;0;0
-92.6379;83.5508;0.389143;0;0;0
-83.8124;83.5508;0.384034;0;0;0
-74.987;83.5508;0.366569;0;0;0
-66.1615;83.5508;0.336835;0;0;0
-57.3361;83.5508;0.289297;0;0;0
-48.5106;83.5508;0.240315;0;0;0
-39.6852;83.5508;0.222592;0;0;0
-30.8597;83.5508;0.228051;0;0;0
-22.0342;83.5508;0.222426;0;0;0
-13.2088;83.5508;0.205522;0;0;0
-4.38334;83.5508;0.192378;0;0;0
4.44212;83.5508;0.184194;0;0;0
13.2676;83.5508;0.164183;0;0;0
22.093;83.5508;0.139882;0;0;0
30.9185;83.5508;0.107154;0;0;0
39.7439;83.5508;0.0423931;0;0;0
48.5694;83.5508;0.00400331;0;0;0
57.3948;83.5508;0.0628918;0;0;0
66.2203;83.5508;0.204602;0;0;0
75.0458;83.5508;0.256343;0;0;0
83.8712;83.5508;0.231442;0;0;0
92.6967;83.5508;0.185862;0;0;0
101.522;83.5508;0.16785;0;0;0
110.348;83.5508;0.176507;0;0;0
119.173;83.5508;0.155765;0;0;0
127.998;83.5508;0.131606;0;0;0
136.824;83.5508;0.120325;0;0;0
145.649;83.5508;0.12845;0;0;0
154.475;83.5508;0.14377;0;0;0
163.3;83.5508;0.138977;0;0;0
172.126;83.5508;0.0641645;0;0;0
180.951;83.5508;-0.0481373;0;0;0
189.777;83.5508;-0.0653549;0;0;0
198.602;83.5508;0.00906635;0;0;0
207.428;83.5508;0.133653;0;0;0
216.253;83.5508;0.240368;0;0;0
225.078;83.5508;0.270573;0;0;0
-216.194;74.7253;0.797787;0;0;0
-207.369;74.7253;0.861445;0;0;0
-198.543;74.7253;0.845599;0;0;0
-189.718;74.7253;0.756001;0;0;0
-180.892;74.7253;0.691477;0;0;0
-172.067;74.7253;0.656529;0;0;0
-163.242;74.7253;0.604101;0;0;0
-154.416;74.7253;0.518571;0;0;0
-145.591;74.7253;0.462679;0;0;0
-136.765;74.7253;0.426558;0;0;0
-127.94;74.7253;0.410524;0;0;0
-119.114;74.7253;0.385583;0;0;0
-110.289;74.7253;0.354066;0;0;0
-101.463;74.7253;0.337424;0;0;0
-92.6379;74.7253;0.345616;0;0;0
-83.8124;74.7253;0.340254;0;0;0
-74.987;74.7253;0.320019;0;0;0
-66.1615;74.7253;0.305516;0;0;0
-57.3361;74.7253;0.285593;0;0;0
-48.5106;74.7253;0.264048;0;0;0
-39.6852;74.7253;0.25922;0;0;0
-30.8597;74.7253;0.253224;0;0;0
-22.0342;74.7253;0.234743;0;0;0
-13.2088;74.7253;0.19835;0;0;0
-4.38334;74.7253;0.166978;0;0;0
4.44212;74.7253;0.146955;0;0;0
13.2676;74.7253;0.12655;0;0;0
22.093;74.7253;0.124464;0;0;0
30.9185;74.7253;0.129943;0;0;0
39.7439;74.7253;0.102725;0;0;0
48.5694;74.7253;0.0811987;0;0;0
57.3948;74.7253;0.109976;0;0;0
66.2203;74.7253;0.173281;0;0;0
75.0458;74.7253;0.191227;0;0;0
83.8712;74.7253;0.18392;0;0;0
92.6967;74.7253;0.182962;0;0;0
101.522;74.7253;0.202807;0;0;0
110.348;74.7253;0.222395;0;0;0
119.173;74.7253;0.190651;0;0;0
127.998;74.7253;0.159175;0;0;0
136.824;74.7253;0.152877;0;0;0
145.649;74.7253;0.177187;0;0;0
154.475;74.7253;0.209092;0;0;0
163.3;74.7253;0.224509;0;0;0
172.126;74.7253;0.179452;0;0;0
180.951;74.7253;0.112578;0;0;0
189.777;74.7253;0.127143;0;0;0
198.602;74.7253;0.218018;0;0;0
207.428;74.7253;0.296872;0;0;0
216.253;74.7253;0.35189;0;0;0
225.078;74.7253;0.364278;0;0;0
233.904;74.7253;0.420659;0;0;0
-225.02;65.8999;0.819645;0;0;0
-216.194;65.8999;0.785652;0;0;0
-207.369;65.8999;0.809685;0;0;0
-198.543;65.8999;0.783638;0;0;0
-189.718;65.8999;0.707726;0;0;0
-180.892;65.8999;0.672269;0;0;0
-172.067;65.8999;0.657462;0;0;0
-163.242;65.8999;0.610121;0;0;0
-154.416;65.8999;0.536044;0;0;0
-145.591;65.8999;0.503464;0;0;0
-136.765;65.8999;0.483554;0;0;0
-127.94;65.8999;0.482744;0;0;0
-119.114;65.8999;0.449224;0;0;0
-110.289;65.8999;0.396897;0;0;0
-101.463;65.8999;0.372648;0;0;0
-92.6379;65.8999;0.393413;0;0;0
-83.8124;65.8999;0.390122;0;0;0
-74.987;65.8999;0.366802;0;0;0
-66.1615;65.8999;0.347605;0;0;0
-57.3361;65.8999;0.326259;0;0;0
-48.5106;65.8999;0.308776;0;0;0
-39.6852;65.8999;0.307653;0;0;0
-30.8597;65.8999;0.304881;0;0;0
-22.0342;65.8999;0.307804;0;0;0
-13.2088;65.8999;0.290483;0;0;0
-4.38334;65.8999;0.264953;0;0;0
4.44212;65.8999;0.237566;0;0;0
13.2676;65.8999;0.211079;0;0;0
22.093;65.8999;0.217066;0;0;0
30.9185;65.8999;0.23456;0;0;0
39.7439;65.8999;0.244301;0;0;0
48.5694;65.8999;0.293256;0;0;0
57.3948;65.8999;0.38183;0;0;0
66.2203;65.8999;0.41387;0;0;0
75.0458;65.8999;0.376922;0;0;0
83.8712;65.8999;0.344284;0;0;0
92.6967;65.8999;0.338723;0;0;0
101.522;65.8999;0.354217;0;0;0
110.348;65.8999;0.360922;0;0;0
119.173;65.8999;0.32353;0;0;0
127.998;65.8999;0.290772;0;0;0
136.824;65.8999;0.278477;0;0;0
145.649;65.8999;0.289293;0;0;0
154.475;65.8999;0.313571;0;0;0
163.3;65.8999;0.327949;0;0;0
172.126;65.8999;0.313663;0;0;0
180.951;65.8999;0.294474;0;0;0
189.777;65.8999;0.315276;0;0;0
198.602;65.8999;0.377562;0;0;0
207.428;65.8999;0.425456;0;0;0
216.253;65.8999;0.444272;0;0;0
225.078;65.8999;0.441011;0;0;0
233.904;65.8999;0.518908;0;0;0
-225.02;57.0744;0.791518;0;0;0
-216.194;57.0744;0.753439;0;0;0
-207.369;57.0744;0.756039;0;0;0
-198.543;57.0744;0.703038;0;0;0
-189.718;57.0744;0.630993;0;0;0
-180.892;57.0744;0.617677;0;0;0
-172.067;57.0744;0.631743;0;0;0
-163.242;57.0744;0.623812;0;0;0
-154.416;57.0744;0.599777;0;0;0
-145.591;57.0744;0.600417;0;0;0
-136.765;57.0744;0.584689;0;0;0
-127.94;57.0744;0.561603;0;0;0
-119.114;57.0744;0.51495;0;0;0
-110.289;57.0744;0.458432;0;0;0
-101.463;57.0744;0.432567;0;0;0
-92.6379;57.0744;0.461153;0;0;0
-83.8124;57.0744;0.4681;0;0;0
-74.987;57.0744;0.447579;0;0;0
-66.1615;57.0744;0.41586;0;0;0
-57.3361;57.0744;0.377873;0;0;0
-48.5106;57.0744;0.35487;0;0;0
-39.6852;57.0744;0.361035;0;0;0
-30.8597;57.0744;0.366654;0;0;0
-22.0342;57.0744;0.385926;0;0;0
-13.2088;57.0744;0.392193;0;0;0
-4.38334;57.0744;0.377864;0;0;0
4.44212;57.0744;0.341326;0;0;0
13.2676;57.0744;0.299466;0;0;0
22.093;57.0744;0.309472;0;0;0
30.9185;57.0744;0.334113;0;0;0
39.7439;57.0744;0.357073;0;0;0
48.5694;57.0744;0.420724;0;0;0
57.3948;57.0744;0.506845;0;0;0
66.2203;57.0744;0.51609;0;0;0
75.0458;57.0744;0.442463;0;0;0
83.8712;57.0744;0.406091;0;0;0
92.6967;57.0744;0.409764;0;0;0
101.522;57.0744;0.433113;0;0;0
110.348;57.0744;0.445932;0;0;0
119.173;57.0744;0.400501;0;0;0
127.998;57.0744;0.358907;0;0;0
136.824;57.0744;0.337;0;0;0
145.649;57.0744;0.338795;0;0;0
154.475;57.0744;0.360439;0;0;0
163.3;57.0744;0.384383;0;0;0
172.126;57.0744;0.390127;0;0;0
180.951;57.0744;0.387711;0;0;0
189.777;57.0744;0.396904;0;0;0
198.602;57.0744;0.429269;0;0;0
207.428;57.0744;0.460983;0;0;0
216.253;57.0744;0.479491;0;0;0
225.078;57.0744;0.492217;0;0;0
233.904;57.0744;0.572341;0;0;0
-225.02;48.249;0.731176;0;0;0
-216.194;48.249;0.73356;0;0;0
-207.369;48.249;0.726227;0;0;0
-198.543;48.249;0.637673;0;0;0
-189.718;48.249;0.568256;0;0;0
-180.892;48.249;0.551947;0;0;0
-172.067;48.249;0.553632;0;0;0
-163.242;48.249;0.551068;0;0;0
-154.416;48.249;0.56325;0;0;0
-145.591;48.249;0.603853;0;0;0
-136.765;48.249;0.578412;0;0;0
-127.94;48.249;0.535617;0;0;0
-119.114;48.249;0.484166;0;0;0
-110.289;48.249;0.443934;0;0;0
-101.463;48.249;0.437672;0;0;0
-92.6379;48.249;0.467989;0;0;0
-83.8124;48.249;0.483821;0;0;0
-74.987;48.249;0.456853;0;0;0
-66.1615;48.249;0.410511;0;0;0
-57.3361;48.249;0.367269;0;0;0
-48.5106;48.249;0.35742;0;0;0
-39.6852;48.249;0.384507;0;0;0
-30.8597;48.249;0.398629;0;0;0
-22.0342;48.249;0.405957;0;0;0
-13.2088;48.249;0.415284;0;0;0
-4.38334;48.249;0.406118;0;0;0
4.44212;48.249;0.37586;0;0;0
13.2676;48.249;0.347681;0;0;0
22.093;48.249;0.369348;0;0;0
30.9185;48.249;0.3968;0;0;0
39.7439;48.249;0.422986;0;0;0
48.5694;48.249;0.472738;0;0;0
57.3948;48.249;0.521711;0;0;0
66.2203;48.249;0.503653;0;0;0
75.0458;48.249;0.418369;0;0;0
83.8712;48.249;0.383591;0;0;0
92.6967;48.249;0.388613;0;0;0
101.522;48.249;0.414908;0;0;0
110.348;48.249;0.438413;0;0;0
119.173;48.249;0.393725;0;0;0
127.998;48.249;0.348269;0;0;0
136.824;48.249;0.326469;0;0;0
145.649;48.249;0.335113;0;0;0
154.475;48.249;0.366684;0;0;0
163.3;48.249;0.414261;0;0;0
172.126;48.249;0.428349;0;0;0
180.951;48.249;0.416016;0;0;0
189.777;48.249;0.401736;0;0;0
198.602;48.249;0.417766;0;0;0
207.428;48.249;0.447426;0;0;0
216.253;48.249;0.480054;0;0;0
225.078;48.249;0.516555;0;0;0
233.904;48.249;0.571477;0;0;0
-225.02;39.4235;0.683933;0;0;0
-216.194;39.4235;0.678594;0;0;0
-207.369;39.4235;0.64359;0;0;0
-198.543;39.4235;0.567028;0;0;0
-189.718;39.4235;0.533347;0;0;0
-180.892;39.4235;0.527863;0;0;0
-172.067;39.4235;0.515132;0;0;0
-163.242;39.4235;0.504779;0;0;0
-154.416;39.4235;0.530709;0;0;0
-145.591;39.4235;0.574364;0;0;0
-136.765;39.4235;0.532608;0;0;0
-127.94;39.4235;0.466857;0;0;0
-119.114;39.4235;0.427457;0;0;0
-110.289;39.4235;0.415948;0;0;0
-101.463;39.4235;0.421319;0;0;0
-92.6379;39.4235;0.433972;0;0;0
-83.8124;39.4235;0.439664;0;0;0
-74.987;39.4235;0.41607;0;0;0
-66.1615;39.4235;0.374872;0;0;0
-57.3361;39.4235;0.343384;0;0;0
-48.5106;39.4235;0.357084;0;0;0
-39.6852;39.4235;0.409212;0;0;0
-30.8597;39.4235;0.431242;0;0;0
-22.0342;39.4235;0.41322;0;0;0
-13.2088;39.4235;0.417192;0;0;0
-4.38334;39.4235;0.421986;0;0;0
4.44212;39.4235;0.42389;0;0;0
13.2676;39.4235;0.435953;0;0;0
22.093;39.4235;0.47674;0;0;0
30.9185;39.4235;0.527669;0;0;0
39.7439;39.4235;0.606123;0;0;0
48.5694;39.4235;0.65795;0;0;0
57.3948;39.4235;0.648823;0;0;0
66.2203;39.4235;0.572722;0;0;0
75.0458;39.4235;0.469402;0;0;0
83.8712;39.4235;0.409311;0;0;0
92.6967;39.4235;0.386608;0;0;0
101.522;39.4235;0.395012;0;0;0
110.348;39.4235;0.417713;0;0;0
119.173;39.4235;0.392387;0;0;0
127.998;39.4235;0.359762;0;0;0
136.824;39.4235;0.349051;0;0;0
145.649;39.4235;0.368246;0;0;0
154.475;39.4235;0.409395;0;0;0
163.3;39.4235;0.478269;0;0;0
172.126;39.4235;0.504975;0;0;0
180.951;39.4235;0.48564;0;0;0
189.777;39.4235;0.445452;0;0;0
198.602;39.4235;0.44835;0;0;0
207.428;39.4235;0.465324;0;0;0
216.253;39.4235;0.503842;0;0;0
225.078;39.4235;0.529225;0;0;0
233.904;39.4235;0.478669;0;0;0
-225.02;30.5981;0.667552;0;0;0
-216.194;30.5981;0.655921;0;0;0
-207.369;30.5981;0.613172;0;0;0
-198.543;30.5981;0.566062;0;0;0
-189.718;30.5981;0.577787;0;0;0
-180.892;30.5981;0.581825;0;0;0
-172.067;30.5981;0.560382;0;0;0
-163.242;30.5981;0.539757;0;0;0
-154.416;30.5981;0.549695;0;0;0
-145.591;30.5981;0.570464;0;0;0
-136.765;30.5981;0.517251;0;0;0
-127.94;30.5981;0.444398;0;0;0
-119.114;30.5981;0.418389;0;0;0
-110.289;30.5981;0.420507;0;0;0
-101.463;30.5981;0.421608;0;0;0
-92.6379;30.5981;0.413866;0;0;0
-83.8124;30.5981;0.406418;0;0;0
-74.987;30.5981;0.396855;0;0;0
-66.1615;30.5981;0.372499;0;0;0
-57.3361;30.5981;0.357289;0;0;0
-48.5106;30.5981;0.389201;0;0;0
-39.6852;30.5981;0.458248;0;0;0
-30.8597;30.5981;0.492454;0;0;0
-22.0342;30.5981;0.47049;0;0;0
-13.2088;30.5981;0.492371;0;0;0
-4.38334;30.5981;0.546833;0;0;0
4.44212;30.5981;0.593486;0;0;0
13.2676;30.5981;0.626477;0;0;0
22.093;30.5981;0.688029;0;0;0
30.9185;30.5981;0.83051;0;0;0
39.7439;30.5981;1.0449;0;0;0
48.5694;30.5981;1.11857;0;0;0
57.3948;30.5981;1.02965;0;0;0
66.2203;30.5981;0.870467;0;0;0
75.0458;30.5981;0.715604;0;0;0
83.8712;30.5981;0.599751;0;0;0
92.6967;30.5981;0.542734;0;0;0
101.522;30.5981;0.543453;0;0;0
110.348;30.5981;0.576391;0;0;0
119.173;30.5981;0.577135;0;0;0
127.998;30.5981;0.558869;0;0;0
136.824;30.5981;0.534356;0;0;0
145.649;30.5981;0.51362;0;0;0
154.475;30.5981;0.508641;0;0;0
163.3;30.5981;0.559224;0;0;0
172.126;30.5981;0.583425;0;0;0
180.951;30.5981;0.559021;0;0;0
189.777;30.5981;0.51038;0;0;0
198.602;30.5981;0.522342;0;0;0
207.428;30.5981;0.549546;0;0;0
216.253;30.5981;0.580799;0;0;0
225.078;30.5981;0.607444;0;0;0
233.904;30.5981;0.615146;0;0;0
-233.845;21.7726;0.733962;0;0;0
-225.02;21.7726;0.689977;0;0;0
-216.194;21.7726;0.688297;0;0;0
-207.369;21.7726;0.652144;0;0;0
-198.543;21.7726;0.631162;0;0;0
-189.718;21.7726;0.65508;0;0;0
-180.892;21.7726;0.656678;0;0;0
-172.067;21.7726;0.623208;0;0;0
-163.242;21.7726;0.583805;0;0;0
-154.416;21.7726;0.568894;0;0;0
-145.591;21.7726;0.573253;0;0;0
-136.765;21.7726;0.531857;0;0;0
-127.94;21.7726;0.481965;0;0;0
-119.114;21.7726;0.461129;0;0;0
-110.289;21.7726;0.453518;0;0;0
-101.463;21.7726;0.442305;0;0;0
-92.6379;21.7726;0.428162;0;0;0
-83.8124;21.7726;0.423428;0;0;0
-74.987;21.7726;0.429215;0;0;0
-66.1615;21.7726;0.416204;0;0;0
-57.3361;21.7726;0.407818;0;0;0
-48.5106;21.7726;0.441406;0;0;0
-39.6852;21.7726;0.512216;0;0;0
-30.8597;21.7726;0.568355;0;0;0
-22.0342;21.7726;0.589243;0;0;0
-13.2088;21.7726;0.666009;0;0;0
-4.38334;21.7726;0.795519;0;0;0
4.44212;21.7726;0.829546;0;0;0
13.2676;21.7726;0.767359;0;0;0
22.093;21.7726;0.807164;0;0;0
30.9185;21.7726;1.09874;0;0;0
39.7439;21.7726;1.28281;0;0;0
48.5694;21.7726;1.19304;0;0;0
57.3948;21.7726;1.00255;0;0;0
66.2203;21.7726;0.909255;0;0;0
75.0458;21.7726;0.846251;0;0;0
83.8712;21.7726;0.723457;0;0;0
92.6967;21.7726;0.644532;0;0;0
101.522;21.7726;0.622688;0;0;0
110.348;21.7726;0.627989;0;0;0
119.173;21.7726;0.603482;0;0;0
127.998;21.7726;0.573498;0;0;0
136.824;21.7726;0.551746;0;0;0
145.649;21.7726;0.53112;0;0;0
154.475;21.7726;0.510927;0;0;0
163.3;21.7726;0.540462;0;0;0
172.126;21.7726;0.559127;0;0;0
180.951;21.7726;0.52821;0;0;0
189.777;21.7726;0.48384;0;0;0
198.602;21.7726;0.538102;0;0;0
207.428;21.7726;0.609967;0;0;0
216.253;21.7726;0.665222;0;0;0
225.078;21.7726;0.688117;0;0;0
233.904;21.7726;0.704914;0;0;0
242.729;21.7726;0.343296;0;0;0
-233.845;12.9472;0.701717;0;0;0
-225.02;12.9472;0.726213;0;0;0
-216.194;12.9472;0.725841;0;0;0
-207.369;12.9472;0.672497;0;0;0
-198.543;12.9472;0.650417;0;0;0
-189.718;12.9472;0.660725;0;0;0
-180.892;12.9472;0.670722;0;0;0
-172.067;12.9472;0.622312;0;0;0
-163.242;12.9472;0.550836;0;0;0
-154.416;12.9472;0.522097;0;0;0
-145.591;12.9472;0.538477;0;0;0
-136.765;12.9472;0.52997;0;0;0
-127.94;12.9472;0.51404;0;0;0
-119.114;12.9472;0.494617;0;0;0
-110.289;12.9472;0.472794;0;0;0
-101.463;12.9472;0.447809;0;0;0
-92.6379;12.9472;0.424152;0;0;0
-83.8124;12.9472;0.414244;0;0;0
-74.987;12.9472;0.428188;0;0;0
-66.1615;12.9472;0.430688;0;0;0
-57.3361;12.9472;0.425056;0;0;0
-48.5106;12.9472;0.448174;0;0;0
-39.6852;12.9472;0.520342;0;0;0
-30.8597;12.9472;0.628775;0;0;0
-22.0342;12.9472;0.750705;0;0;0
-13.2088;12.9472;0.886777;0;0;0
-4.38334;12.9472;0.918625;0;0;0
4.44212;12.9472;0.762969;0;0;0
13.2676;12.9472;0.520514;0;0;0
22.093;12.9472;0.424265;0;0;0
30.9185;12.9472;0.58329;0;0;0
39.7439;12.9472;0.5825;0;0;0
48.5694;12.9472;0.500855;0;0;0
57.3948;12.9472;0.505271;0;0;0
66.2203;12.9472;0.66021;0;0;0
75.0458;12.9472;0.770601;0;0;0
83.8712;12.9472;0.689739;0;0;0
92.6967;12.9472;0.595222;0;0;0
101.522;12.9472;0.532223;0;0;0
110.348;12.9472;0.496348;0;0;0
119.173;12.9472;0.456686;0;0;0
127.998;12.9472;0.446523;0;0;0
136.824;12.9472;0.451835;0;0;0
145.649;12.9472;0.454144;0;0;0
154.475;12.9472;0.449011;0;0;0
163.3;12.9472;0.475258;0;0;0
172.126;12.9472;0.495312;0;0;0
180.951;12.9472;0.469334;0;0;0
189.777;12.9472;0.440424;0;0;0
198.602;12.9472;0.512888;0;0;0
207.428;12.9472;0.625062;0;0;0
216.253;12.9472;0.706425;0;0;0
225.078;12.9472;0.739526;0;0;0
233.904;12.9472;0.727439;0;0;0
242.729;12.9472;0.615942;0;0;0
-233.845;4.12171;0.64131;0;0;0
-225.02;4.12171;0.720313;0;0;0
-216.194;4.12171;0.701407;0;0;0
-207.369;4.12171;0.590695;0;0;0
-198.543;4.12171;0.529861;0;0;0
-189.718;4.12171;0.54309;0;0;0
-180.892;4.12171;0.603383;0;0;0
-172.067;4.12171;0.567089;0;0;0
-163.242;4.12171;0.47528;0;0;0
-154.416;4.12171;0.447919;0;0;0
-145.591;4.12171;0.503964;0;0;0
-136.765;4.12171;0.511707;0;0;0
-127.94;4.12171;0.496112;0;0;0
-119.114;4.12171;0.485832;0;0;0
-110.289;4.12171;0.472993;0;0;0
-101.463;4.12171;0.442604;0;0;0
-92.6379;4.12171;0.398254;0;0;0
-83.8124;4.12171;0.369416;0;0;0
-74.987;4.12171;0.38215;0;0;0
-66.1615;4.12171;0.400456;0;0;0
-57.3361;4.12171;0.401448;0;0;0
-48.5106;4.12171;0.414153;0;0;0
-39.6852;4.12171;0.474938;0;0;0
-30.8597;4.12171;0.594404;0;0;0
-22.0342;4.12171;0.734883;0;0;0
-13.2088;4.12171;0.807572;0;0;0
-4.38334;4.12171;0.511373;0;0;0
4.44212;4.12171;0.0737226;0;0;0
13.2676;4.12171;-0.144765;0;0;0
22.093;4.12171;0.0490373;0;0;0
30.9185;4.12171;0.212286;0;0;0
39.7439;4.12171;0.1346;0;0;0
48.5694;4.12171;0.111664;0;0;0
57.3948;4.12171;0.251721;0;0;0
66.2203;4.12171;0.50095;0;0;0
75.0458;4.12171;0.655497;0;0;0
83.8712;4.12171;0.576704;0;0;0
92.6967;4.12171;0.444012;0;0;0
101.522;4.12171;0.326647;0;0;0
110.348;4.12171;0.260425;0;0;0
119.173;4.12171;0.257004;0;0;0
127.998;4.12171;0.311554;0;0;0
136.824;4.12171;0.362784;0;0;0
145.649;4.12171;0.394481;0;0;0
154.475;4.12171;0.412147;0;0;0
163.3;4.12171;0.444187;0;0;0
172.126;4.12171;0.468355;0;0;0
180.951;4.12171;0.451117;0;0;0
189.777;4.12171;0.430231;0;0;0
198.602;4.12171;0.47845;0;0;0
207.428;4.12171;0.600553;0;0;0
216.253;4.12171;0.686473;0;0;0
225.078;4.12171;0.707491;0;0;0
233.904;4.12171;0.668158;0;0;0
242.729;4.12171;0.609833;0;0;0
251.555;4.12171;0.671823;0;0;0
-233.845;-4.70375;0.586829;0;0;0
-225.02;-4.70375;0.660359;0;0;0
-216.194;-4.70375;0.623554;0;0;0
-207.369;-4.70375;0.49183;0;0;0
-198.543;-4.70375;0.421979;0;0;0
-189.718;-4.70375;0.445935;0;0;0
-180.892;-4.70375;0.554157;0;0;0
-172.067;-4.70375;0.573258;0;0;0
-163.242;-4.70375;0.522681;0;0;0
-154.416;-4.70375;0.505238;0;0;0
-145.591;-4.70375;0.540459;0;0;0
-136.765;-4.70375;0.518629;0;0;0
-127.94;-4.70375;0.480418;0;0;0
-119.114;-4.70375;0.475863;0;0;0
-110.289;-4.70375;0.463953;0;0;0
-101.463;-4.70375;0.426667;0;0;0
-92.6379;-4.70375;0.373882;0;0;0
-83.8124;-4.70375;0.333054;0;0;0
-74.987;-4.70375;0.336883;0;0;0
-66.1615;-4.70375;0.356957;0;0;0
-57.3361;-4.70375;0.363312;0;0;0
-48.5106;-4.70375;0.376029;0;0;0
-39.6852;-4.70375;0.420881;0;0;0
-30.8597;-4.70375;0.502915;0;0;0
-22.0342;-4.70375;0.582725;0;0;0
-13.2088;-4.70375;0.52164;0;0;0
-4.38334;-4.70375;0.045381;0;0;0
4.44212;-4.70375;-0.382368;0;0;0
13.2676;-4.70375;-0.370369;0;0;0
22.093;-4.70375;0.0774708;0;0;0
30.9185;-4.70375;0.20822;0;0;0
39.7439;-4.70375;0.128764;0;0;0
48.5694;-4.70375;0.142907;0;0;0
57.3948;-4.70375;0.279458;0;0;0
66.2203;-4.70375;0.45502;0;0;0
75.0458;-4.70375;0.543961;0;0;0
83.8712;-4.70375;0.434408;0;0;0
92.6967;-4.70375;0.260757;0;0;0
101.522;-4.70375;0.116511;0;0;0
110.348;-4.70375;0.0722964;0;0;0
119.173;-4.70375;0.165077;0;0;0
127.998;-4.70375;0.307964;0;0;0
136.824;-4.70375;0.392569;0;0;0
145.649;-4.70375;0.437831;0;0;0
154.475;-4.70375;0.46951;0;0;0
163.3;-4.70375;0.504238;0;0;0
172.126;-4.70375;0.525109;0;0;0
180.951;-4.70375;0.498228;0;0;0
189.777;-4.70375;0.458899;0;0;0
198.602;-4.70375;0.467099;0;0;0
207.428;-4.70375;0.568109;0;0;0
216.253;-4.70375;0.647953;0;0;0
225.078;-4.70375;0.668646;0;0;0
233.904;-4.70375;0.627412;0;0;0
242.729;-4.70375;0.563226;0;0;0
251.555;-4.70375;0.623722;0;0;0
-233.845;-13.5292;0.587594;0;0;0
-225.02;-13.5292;0.641943;0;0;0
-216.194;-13.5292;0.607711;0;0;0
-207.369;-13.5292;0.536124;0;0;0
-198.543;-13.5292;0.493033;0;0;0
-189.718;-13.5292;0.510879;0;0;0
-180.892;-13.5292;0.594181;0;0;0
-172.067;-13.5292;0.596452;0;0;0
-163.242;-13.5292;0.54583;0;0;0
-154.416;-13.5292;0.525537;0;0;0
-145.591;-13.5292;0.541726;0;0;0
-136.765;-13.5292;0.505707;0;0;0
-127.94;-13.5292;0.46875;0;0;0
-119.114;-13.5292;0.46394;0;0;0
-110.289;-13.5292;0.441703;0;0;0
-101.463;-13.5292;0.397053;0;0;0
-92.6379;-13.5292;0.351009;0;0;0
-83.8124;-13.5292;0.323218;0;0;0
-74.987;-13.5292;0.316737;0;0;0
-66.1615;-13.5292;0.323542;0;0;0
-57.3361;-13.5292;0.31604;0;0;0
-48.5106;-13.5292;0.328747;0;0;0
-39.6852;-13.5292;0.375191;0;0;0
-30.8597;-13.5292;0.435156;0;0;0
-22.0342;-13.5292;0.456142;0;0;0
-13.2088;-13.5292;0.312479;0;0;0
-4.38334;-13.5292;-0.0890527;0;0;0
4.44212;-13.5292;-0.239082;0;0;0
13.2676;-13.5292;-0.000141692;0;0;0
22.093;-13.5292;0.373564;0;0;0
30.9185;-13.5292;0.366965;0;0;0
39.7439;-13.5292;0.294649;0;0;0
48.5694;-13.5292;0.299878;0;0;0
57.3948;-13.5292;0.350282;0;0;0
66.2203;-13.5292;0.40159;0;0;0
75.0458;-13.5292;0.420153;0;0;0
83.8712;-13.5292;0.301579;0;0;0
92.6967;-13.5292;0.126453;0;0;0
101.522;-13.5292;0.0290961;0;0;0
110.348;-13.5292;0.0883011;0;0;0
119.173;-13.5292;0.303357;0;0;0
127.998;-13.5292;0.504357;0;0;0
136.824;-13.5292;0.541989;0;0;0
145.649;-13.5292;0.549204;0;0;0
154.475;-13.5292;0.586949;0;0;0
163.3;-13.5292;0.625654;0;0;0
172.126;-13.5292;0.615866;0;0;0
180.951;-13.5292;0.555324;0;0;0
189.777;-13.5292;0.491494;0;0;0
198.602;-13.5292;0.481858;0;0;0
207.428;-13.5292;0.579637;0;0;0
216.253;-13.5292;0.672441;0;0;0
225.078;-13.5292;0.707555;0;0;0
233.904;-13.5292;0.693299;0;0;0
242.729;-13.5292;0.677379;0;0;0
-233.845;-22.3547;0.594305;0;0;0
-225.02;-22.3547;0.650664;0;0;0
-216.194;-22.3547;0.616242;0;0;0
-207.369;-22.3547;0.589395;0;0;0
-198.543;-22.3547;0.599601;0;0;0
-189.718;-22.3547;0.618345;0;0;0
-180.892;-22.3547;0.648635;0;0;0
-172.067;-22.3547;0.58451;0;0;0
-163.242;-22.3547;0.505659;0;0;0
-154.416;-22.3547;0.488878;0;0;0
-145.591;-22.3547;0.510574;0;0;0
-136.765;-22.3547;0.49563;0;0;0
-127.94;-22.3547;0.47266;0;0;0
-119.114;-22.3547;0.460016;0;0;0
-110.289;-22.3547;0.416012;0;0;0
-101.463;-22.3547;0.359792;0;0;0
-92.6379;-22.3547;0.325532;0;0;0
-83.8124;-22.3547;0.32305;0;0;0
-74.987;-22.3547;0.319863;0;0;0
-66.1615;-22.3547;0.307588;0;0;0
-57.3361;-22.3547;0.276098;0;0;0
-48.5106;-22.3547;0.282678;0;0;0
-39.6852;-22.3547;0.345994;0;0;0
-30.8597;-22.3547;0.426049;0;0;0
-22.0342;-22.3547;0.442885;0;0;0
-13.2088;-22.3547;0.334516;0;0;0
-4.38334;-22.3547;0.135706;0;0;0
4.44212;-22.3547;0.213395;0;0;0
13.2676;-22.3547;0.429763;0;0;0
22.093;-22.3547;0.499363;0;0;0
30.9185;-22.3547;0.378285;0;0;0
39.7439;-22.3547;0.325632;0;0;0
48.5694;-22.3547;0.342644;0;0;0
57.3948;-22.3547;0.351324;0;0;0
66.2203;-22.3547;0.339289;0;0;0
75.0458;-22.3547;0.335253;0;0;0
83.8712;-22.3547;0.2797;0;0;0
92.6967;-22.3547;0.176577;0;0;0
101.522;-22.3547;0.180236;0;0;0
110.348;-22.3547;0.346415;0;0;0
119.173;-22.3547;0.613049;0;0;0
127.998;-22.3547;0.728912;0;0;0
136.824;-22.3547;0.64122;0;0;0
145.649;-22.3547;0.587142;0;0;0
154.475;-22.3547;0.633909;0;0;0
163.3;-22.3547;0.71162;0;0;0
172.126;-22.3547;0.718391;0;0;0
180.951;-22.3547;0.671426;0;0;0
189.777;-22.3547;0.628721;0;0;0
198.602;-22.3547;0.640301;0;0;0
207.428;-22.3547;0.724415;0;0;0
216.253;-22.3547;0.811812;0;0;0
225.078;-22.3547;0.853397;0;0;0
233.904;-22.3547;0.827459;0;0;0
242.729;-22.3547;0.791608;0;0;0
-233.845;-31.1801;0.614076;0;0;0
-225.02;-31.1801;0.595656;0;0;0
-216.194;-31.1801;0.562302;0;0;0
-207.369;-31.1801;0.551527;0;0;0
-198.543;-31.1801;0.601751;0;0;0
-189.718;-31.1801;0.630051;0;0;0
-180.892;-31.1801;0.635522;0;0;0
-172.067;-31.1801;0.550803;0;0;0
-163.242;-31.1801;0.471253;0;0;0
-154.416;-31.1801;0.462374;0;0;0
-145.591;-31.1801;0.493008;0;0;0
-136.765;-31.1801;0.500851;0;0;0
-127.94;-31.1801;0.495423;0;0;0
-119.114;-31.1801;0.471417;0;0;0
-110.289;-31.1801;0.40767;0;0;0
-101.463;-31.1801;0.337795;0;0;0
-92.6379;-31.1801;0.305451;0;0;0
-83.8124;-31.1801;0.318424;0;0;0
-74.987;-31.1801;0.328877;0;0;0
-66.1615;-31.1801;0.303383;0;0;0
-57.3361;-31.1801;0.263655;0;0;0
-48.5106;-31.1801;0.26949;0;0;0
-39.6852;-31.1801;0.340344;0;0;0
-30.8597;-31.1801;0.431562;0;0;0
-22.0342;-31.1801;0.455733;0;0;0
-13.2088;-31.1801;0.418518;0;0;0
-4.38334;-31.1801;0.349786;0;0;0
4.44212;-31.1801;0.36403;0;0;0
13.2676;-31.1801;0.427513;0;0;0
22.093;-31.1801;0.438535;0;0;0
30.9185;-31.1801;0.342024;0;0;0
39.7439;-31.1801;0.334711;0;0;0
48.5694;-31.1801;0.358249;0;0;0
57.3948;-31.1801;0.352648;0;0;0
66.2203;-31.1801;0.332375;0;0;0
75.0458;-31.1801;0.339282;0;0;0
83.8712;-31.1801;0.341387;0;0;0
92.6967;-31.1801;0.313877;0;0;0
101.522;-31.1801;0.381321;0;0;0
110.348;-31.1801;0.553308;0;0;0
119.173;-31.1801;0.74457;0;0;0
127.998;-31.1801;0.765873;0;0;0
136.824;-31.1801;0.616526;0;0;0
145.649;-31.1801;0.552903;0;0;0
154.475;-31.1801;0.617078;0;0;0
163.3;-31.1801;0.721476;0;0;0
172.126;-31.1801;0.768816;0;0;0
180.951;-31.1801;0.762551;0;0;0
189.777;-31.1801;0.75484;0;0;0
198.602;-31.1801;0.779572;0;0;0
207.428;-31.1801;0.826531;0;0;0
216.253;-31.1801;0.89464;0;0;0
225.078;-31.1801;0.947507;0;0;0
233.904;-31.1801;0.928101;0;0;0
242.729;-31.1801;0.878017;0;0;0
-225.02;-40.0056;0.53267;0;0;0
-216.194;-40.0056;0.463096;0;0;0
-207.369;-40.0056;0.496152;0;0;0
-198.543;-40.0056;0.553596;0;0;0
-189.718;-40.0056;0.559877;0;0;0
-180.892;-40.0056;0.550657;0;0;0
-172.067;-40.0056;0.517587;0;0;0
-163.242;-40.0056;0.483863;0;0;0
-154.416;-40.0056;0.475939;0;0;0
-145.591;-40.0056;0.489866;0;0;0
-136.765;-40.0056;0.497651;0;0;0
-127.94;-40.0056;0.512233;0;0;0
-119.114;-40.0056;0.491157;0;0;0
-110.289;-40.0056;0.427869;0;0;0
-101.463;-40.0056;0.352606;0;0;0
-92.6379;-40.0056;0.311713;0;0;0
-83.8124;-40.0056;0.320076;0;0;0
-74.987;-40.0056;0.32875;0;0;0
-66.1615;-40.0056;0.301596;0;0;0
-57.3361;-40.0056;0.277118;0;0;0
-48.5106;-40.0056;0.317354;0;0;0
-39.6852;-40.0056;0.375704;0;0;0
-30.8597;-40.0056;0.396887;0;0;0
-22.0342;-40.0056;0.374204;0;0;0
-13.2088;-40.0056;0.37098;0;0;0
-4.38334;-40.0056;0.359939;0;0;0
4.44212;-40.0056;0.358153;0;0;0
13.2676;-40.0056;0.360885;0;0;0
22.093;-40.0056;0.351181;0;0;0
30.9185;-40.0056;0.316683;0;0;0
39.7439;-40.0056;0.306453;0;0;0
48.5694;-40.0056;0.307136;0;0;0
57.3948;-40.0056;0.299846;0;0;0
66.2203;-40.0056;0.298297;0;0;0
75.0458;-40.0056;0.320123;0;0;0
83.8712;-40.0056;0.340604;0;0;0
92.6967;-40.0056;0.347603;0;0;0
101.522;-40.0056;0.404648;0;0;0
110.348;-40.0056;0.504101;0;0;0
119.173;-40.0056;0.590771;0;0;0
127.998;-40.0056;0.572855;0;0;0
136.824;-40.0056;0.483158;0;0;0
145.649;-40.0056;0.470106;0;0;0
154.475;-40.0056;0.542991;0;0;0
163.3;-40.0056;0.639676;0;0;0
172.126;-40.0056;0.70854;0;0;0
180.951;-40.0056;0.734728;0;0;0
189.777;-40.0056;0.749512;0;0;0
198.602;-40.0056;0.767098;0;0;0
207.428;-40.0056;0.77246;0;0;0
216.253;-40.0056;0.816959;0;0;0
225.078;-40.0056;0.878216;0;0;0
233.904;-40.0056;0.918452;0;0;0
242.729;-40.0056;0.931893;0;0;0
-225.02;-48.831;0.515857;0;0;0
-216.194;-48.831;0.424254;0;0;0
-207.369;-48.831;0.498711;0;0;0
-198.543;-48.831;0.547367;0;0;0
-189.718;-48.831;0.504605;0;0;0
-180.892;-48.831;0.473506;0;0;0
-172.067;-48.831;0.501996;0;0;0
-163.242;-48.831;0.515844;0;0;0
-154.416;-48.831;0.489773;0;0;0
-145.591;-48.831;0.454701;0;0;0
-136.765;-48.831;0.445926;0;0;0
-127.94;-48.831;0.478667;0;0;0
-119.114;-48.831;0.494499;0;0;0
-110.289;-48.831;0.448697;0;0;0
-101.463;-48.831;0.388004;0;0;0
-92.6379;-48.831;0.354476;0;0;0
-83.8124;-48.831;0.352069;0;0;0
-74.987;-48.831;0.346714;0;0;0
-66.1615;-48.831;0.319148;0;0;0
-57.3361;-48.831;0.295741;0;0;0
-48.5106;-48.831;0.334845;0;0;0
-39.6852;-48.831;0.348788;0;0;0
-30.8597;-48.831;0.30573;0;0;0
-22.0342;-48.831;0.266388;0;0;0
-13.2088;-48.831;0.289453;0;0;0
-4.38334;-48.831;0.317518;0;0;0
4.44212;-48.831;0.317354;0;0;0
13.2676;-48.831;0.295406;0;0;0
22.093;-48.831;0.270047;0;0;0
30.9185;-48.831;0.253287;0;0;0
39.7439;-48.831;0.229512;0;0;0
48.5694;-48.831;0.210156;0;0;0
57.3948;-48.831;0.209125;0;0;0
66.2203;-48.831;0.217038;0;0;0
75.0458;-48.831;0.219822;0;0;0
83.8712;-48.831;0.205306;0;0;0
92.6967;-48.831;0.212207;0;0;0
101.522;-48.831;0.228369;0;0;0
110.348;-48.831;0.251333;0;0;0
119.173;-48.831;0.27681;0;0;0
127.998;-48.831;0.294588;0;0;0
136.824;-48.831;0.331697;0;0;0
145.649;-48.831;0.38887;0;0;0
154.475;-48.831;0.455767;0;0;0
163.3;-48.831;0.516834;0;0;0
172.126;-48.831;0.564363;0;0;0
180.951;-48.831;0.584572;0;0;0
189.777;-48.831;0.593898;0;0;0
198.602;-48.831;0.60205;0;0;0
207.428;-48.831;0.60957;0;0;0
216.253;-48.831;0.655738;0;0;0
225.078;-48.831;0.718018;0;0;0
233.904;-48.831;0.773504;0;0;0
242.729;-48.831;0.791984;0;0;0
-225.02;-57.6565;0.587531;0;0;0
-216.194;-57.6565;0.49407;0;0;0
-207.369;-57.6565;0.546607;0;0;0
-198.543;-57.6565;0.587229;0;0;0
-189.718;-57.6565;0.526642;0;0;0
-180.892;-57.6565;0.496452;0;0;0
-172.067;-57.6565;0.513218;0;0;0
-163.242;-57.6565;0.51169;0;0;0
-154.416;-57.6565;0.466042;0;0;0
-145.591;-57.6565;0.403086;0;0;0
-136.765;-57.6565;0.375567;0;0;0
-127.94;-57.6565;0.432479;0;0;0
-119.114;-57.6565;0.46182;0;0;0
-110.289;-57.6565;0.424836;0;0;0
-101.463;-57.6565;0.381769;0;0;0
-92.6379;-57.6565;0.353058;0;0;0
-83.8124;-57.6565;0.333775;0;0;0
-74.987;-57.6565;0.319523;0;0;0
-66.1615;-57.6565;0.308185;0;0;0
-57.3361;-57.6565;0.290254;0;0;0
-48.5106;-57.6565;0.314653;0;0;0
-39.6852;-57.6565;0.313365;0;0;0
-30.8597;-57.6565;0.265825;0;0;0
-22.0342;-57.6565;0.220834;0;0;0
-13.2088;-57.6565;0.222781;0;0;0
-4.38334;-57.6565;0.247654;0;0;0
4.44212;-57.6565;0.252111;0;0;0
13.2676;-57.6565;0.225845;0;0;0
22.093;-57.6565;0.191469;0;0;0
30.9185;-57.6565;0.17395;0;0;0
39.7439;-57.6565;0.15345;0;0;0
48.5694;-57.6565;0.138388;0;0;0
57.3948;-57.6565;0.144304;0;0;0
66.2203;-57.6565;0.138564;0;0;0
75.0458;-57.6565;0.0958834;0;0;0
83.8712;-57.6565;0.0292276;0;0;0
92.6967;-57.6565;0.0249584;0;0;0
101.522;-57.6565;0.0238432;0;0;0
110.348;-57.6565;0.0304239;0;0;0
119.173;-57.6565;0.0712627;0;0;0
127.998;-57.6565;0.181439;0;0;0
136.824;-57.6565;0.302636;0;0;0
145.649;-57.6565;0.393196;0;0;0
154.475;-57.6565;0.45626;0;0;0
163.3;-57.6565;0.506113;0;0;0
172.126;-57.6565;0.561556;0;0;0
180.951;-57.6565;0.595027;0;0;0
189.777;-57.6565;0.614899;0;0;0
198.602;-57.6565;0.634278;0;0;0
207.428;-57.6565;0.667311;0;0;0
216.253;-57.6565;0.723814;0;0;0
225.078;-57.6565;0.755971;0;0;0
233.904;-57.6565;0.771143;0;0;0
242.729;-57.6565;0.782254;0;0;0
-225.02;-66.4819;0.69371;0;0;0
-216.194;-66.4819;0.57222;0;0;0
-207.369;-66.4819;0.575619;0;0;0
-198.543;-66.4819;0.58704;0;0;0
-189.718;-66.4819;0.554669;0;0;0
-180.892;-66.4819;0.515707;0;0;0
-172.067;-66.4819;0.500194;0;0;0
-163.242;-66.4819;0.491612;0;0;0
-154.416;-66.4819;0.460068;0;0;0
-145.591;-66.4819;0.403016;0;0;0
-136.765;-66.4819;0.353459;0;0;0
-127.94;-66.4819;0.348489;0;0;0
-119.114;-66.4819;0.353017;0;0;0
-110.289;-66.4819;0.331421;0;0;0
-101.463;-66.4819;0.308996;0;0;0
-92.6379;-66.4819;0.283221;0;0;0
-83.8124;-66.4819;0.253346;0;0;0
-74.987;-66.4819;0.236845;0;0;0
-66.1615;-66.4819;0.247248;0;0;0
-57.3361;-66.4819;0.245448;0;0;0
-48.5106;-66.4819;0.256442;0;0;0
-39.6852;-66.4819;0.268896;0;0;0
-30.8597;-66.4819;0.265364;0;0;0
-22.0342;-66.4819;0.240611;0;0;0
-13.2088;-66.4819;0.203674;0;0;0
-4.38334;-66.4819;0.19594;0;0;0
4.44212;-66.4819;0.206474;0;0;0
13.2676;-66.4819;0.19305;0;0;0
22.093;-66.4819;0.164562;0;0;0
30.9185;-66.4819;0.153206;0;0;0
39.7439;-66.4819;0.156183;0;0;0
48.5694;-66.4819;0.168478;0;0;0
57.3948;-66.4819;0.18255;0;0;0
66.2203;-66.4819;0.166936;0;0;0
75.0458;-66.4819;0.113126;0;0;0
83.8712;-66.4819;0.0559162;0;0;0
92.6967;-66.4819;0.0590242;0;0;0
101.522;-66.4819;0.086507;0;0;0
110.348;-66.4819;0.142358;0;0;0
119.173;-66.4819;0.242274;0;0;0
127.998;-66.4819;0.401243;0;0;0
136.824;-66.4819;0.58358;0;0;0
145.649;-66.4819;0.672661;0;0;0
154.475;-66.4819;0.694372;0;0;0
163.3;-66.4819;0.696603;0;0;0
172.126;-66.4819;0.724576;0;0;0
180.951;-66.4819;0.735994;0;0;0
189.777;-66.4819;0.737141;0;0;0
198.602;-66.4819;0.742636;0;0;0
207.428;-66.4819;0.768098;0;0;0
216.253;-66.4819;0.804414;0;0;0
225.078;-66.4819;0.786447;0;0;0
233.904;-66.4819;0.76789;0;0;0
242.729;-66.4819;0.784601;0;0;0
-225.02;-75.3074;0.807384;0;0;0
-216.194;-75.3074;0.605649;0;0;0
-207.369;-75.3074;0.553423;0;0;0
-198.543;-75.3074;0.497033;0;0;0
-189.718;-75.3074;0.415672;0;0;0
-180.892;-75.3074;0.383445;0;0;0
-172.067;-75.3074;0.388087;0;0;0
-163.242;-75.3074;0.40354;0;0;0
-154.416;-75.3074;0.407959;0;0;0
-145.591;-75.3074;0.385525;0;0;0
-136.765;-75.3074;0.339465;0;0;0
-127.94;-75.3074;0.298249;0;0;0
-119.114;-75.3074;0.272596;0;0;0
-110.289;-75.3074;0.254781;0;0;0
-101.463;-75.3074;0.245834;0;0;0
-92.6379;-75.3074;0.225623;0;0;0
-83.8124;-75.3074;0.196541;0;0;0
-74.987;-75.3074;0.18578;0;0;0
-66.1615;-75.3074;0.208471;0;0;0
-57.3361;-75.3074;0.215963;0;0;0
-48.5106;-75.3074;0.209383;0;0;0
-39.6852;-75.3074;0.236846;0;0;0
-30.8597;-75.3074;0.282622;0;0;0
-22.0342;-75.3074;0.297428;0;0;0
-13.2088;-75.3074;0.252745;0;0;0
-4.38334;-75.3074;0.223328;0;0;0
4.44212;-75.3074;0.240142;0;0;0
13.2676;-75.3074;0.25426;0;0;0
22.093;-75.3074;0.252437;0;0;0
30.9185;-75.3074;0.255173;0;0;0
39.7439;-75.3074;0.288289;0;0;0
48.5694;-75.3074;0.328097;0;0;0
57.3948;-75.3074;0.367727;0;0;0
66.2203;-75.3074;0.419531;0;0;0
75.0458;-75.3074;0.467786;0;0;0
83.8712;-75.3074;0.479251;0;0;0
92.6967;-75.3074;0.431047;0;0;0
101.522;-75.3074;0.495407;0;0;0
110.348;-75.3074;0.613508;0;0;0
119.173;-75.3074;0.720651;0;0;0
127.998;-75.3074;0.790333;0;0;0
136.824;-75.3074;0.928388;0;0;0
145.649;-75.3074;0.97511;0;0;0
154.475;-75.3074;0.959686;0;0;0
163.3;-75.3074;0.928104;0;0;0
172.126;-75.3074;0.922018;0;0;0
180.951;-75.3074;0.896167;0;0;0
189.777;-75.3074;0.860502;0;0;0
198.602;-75.3074;0.835382;0;0;0
207.428;-75.3074;0.836327;0;0;0
216.253;-75.3074;0.840103;0;0;0
225.078;-75.3074;0.789707;0;0;0
233.904;-75.3074;0.77606;0;0;0
-216.194;-84.1328;0.649413;0;0;0
-207.369;-84.1328;0.510359;0;0;0
-198.543;-84.1328;0.415787;0;0;0
-189.718;-84.1328;0.336162;0;0;0
-180.892;-84.1328;0.309282;0;0;0
-172.067;-84.1328;0.326409;0;0;0
-163.242;-84.1328;0.339865;0;0;0
-154.416;-84.1328;0.342576;0;0;0
-145.591;-84.1328;0.338716;0;0;0
-136.765;-84.1328;0.324702;0;0;0
-127.94;-84.1328;0.296056;0;0;0
-119.114;-84.1328;0.26949;0;0;0
-110.289;-84.1328;0.26492;0;0;0
-101.463;-84.1328;0.262516;0;0;0
-92.6379;-84.1328;0.246482;0;0;0
-83.8124;-84.1328;0.225029;0;0;0
-74.987;-84.1328;0.222802;0;0;0
-66.1615;-84.1328;0.248267;0;0;0
-57.3361;-84.1328;0.256403;0;0;0
-48.5106;-84.1328;0.232072;0;0;0
-39.6852;-84.1328;0.255042;0;0;0
-30.8597;-84.1328;0.31575;0;0;0
-22.0342;-84.1328;0.361282;0;0;0
-13.2088;-84.1328;0.361653;0;0;0
-4.38334;-84.1328;0.35859;0;0;0
4.44212;-84.1328;0.357986;0;0;0
13.2676;-84.1328;0.362407;0;0;0
22.093;-84.1328;0.362752;0;0;0
30.9185;-84.1328;0.367239;0;0;0
39.7439;-84.1328;0.412763;0;0;0
48.5694;-84.1328;0.511299;0;0;0
57.3948;-84.1328;0.559998;0;0;0
66.2203;-84.1328;0.633201;0;0;0
75.0458;-84.1328;0.73443;0;0;0
83.8712;-84.1328;0.797352;0;0;0
92.6967;-84.1328;0.745083;0;0;0
101.522;-84.1328;0.805312;0;0;0
110.348;-84.1328;0.920405;0;0;0
119.173;-84.1328;1.0245;0;0;0
127.998;-84.1328;1.07999;0;0;0
136.824;-84.1328;1.16521;0;0;0
145.649;-84.1328;1.15346;0;0;0
154.475;-84.1328;1.09883;0;0;0
163.3;-84.1328;1.05129;0;0;0
172.126;-84.1328;1.04159;0;0;0
180.951;-84.1328;0.997286;0;0;0
189.777;-84.1328;0.931793;0;0;0
198.602;-84.1328;0.875517;0;0;0
207.428;-84.1328;0.850479;0;0;0
216.253;-84.1328;0.832491;0;0;0
225.078;-84.1328;0.81011;0;0;0
233.904;-84.1328;0.830316;0;0;0
-216.194;-92.9583;0.702174;0;0;0
-207.369;-92.9583;0.483982;0;0;0
-198.543;-92.9583;0.394513;0;0;0
-189.718;-92.9583;0.370331;0;0;0
-180.892;-92.9583;0.352061;0;0;0
-172.067;-92.9583;0.35877;0;0;0
-163.242;-92.9583;0.340203;0;0;0
-154.416;-92.9583;0.313496;0;0;0
-145.591;-92.9583;0.307308;0;0;0
-136.765;-92.9583;0.319233;0;0;0
-127.94;-92.9583;0.313287;0;0;0
-119.114;-92.9583;0.298146;0;0;0
-110.289;-92.9583;0.319436;0;0;0
-101.463;-92.9583;0.321344;0;0;0
-92.6379;-92.9583;0.313812;0;0;0
-83.8124;-92.9583;0.307421;0;0;0
-74.987;-92.9583;0.310184;0;0;0
-66.1615;-92.9583;0.332291;0;0;0
-57.3361;-92.9583;0.349804;0;0;0
-48.5106;-92.9583;0.330027;0;0;0
-39.6852;-92.9583;0.330358;0;0;0
-30.8597;-92.9583;0.35948;0;0;0
-22.0342;-92.9583;0.395313;0;0;0
-13.2088;-92.9583;0.414212;0;0;0
-4.38334;-92.9583;0.409867;0;0;0
4.44212;-92.9583;0.402055;0;0;0
13.2676;-92.9583;0.395077;0;0;0
22.093;-92.9583;0.380871;0;0;0
30.9185;-92.9583;0.363855;0;0;0
39.7439;-92.9583;0.376496;0;0;0
48.5694;-92.9583;0.487471;0;0;0
57.3948;-92.9583;0.551066;0;0;0
66.2203;-92.9583;0.630783;0;0;0
75.0458;-92.9583;0.724261;0;0;0
83.8712;-92.9583;0.780072;0;0;0
92.6967;-92.9583;0.761836;0;0;0
101.522;-92.9583;0.837905;0;0;0
110.348;-92.9583;0.952159;0;0;0
119.173;-92.9583;1.06438;0;0;0
127.998;-92.9583;1.14623;0;0;0
136.824;-92.9583;1.18559;0;0;0
145.649;-92.9583;1.10536;0;0;0
154.475;-92.9583;1.02746;0;0;0
163.3;-92.9583;1.0006;0;0;0
172.126;-92.9583;1.02673;0;0;0
180.951;-92.9583;0.997073;0;0;0
189.777;-92.9583;0.930117;0;0;0
198.602;-92.9583;0.864997;0;0;0
207.428;-92.9583;0.829442;0;0;0
216.253;-92.9583;0.814769;0;0;0
225.078;-92.9583;0.849997;0;0;0
233.904;-92.9583;0.936928;0;0;0
-207.369;-101.784;0.457489;0;0;0
-198.543;-101.784;0.388544;0;0;0
-189.718;-101.784;0.455483;0;0;0
-180.892;-101.784;0.46562;0;0;0
-172.067;-101.784;0.429998;0;0;0
-163.242;-101.784;0.383062;0;0;0
-154.416;-101.784;0.344039;0;0;0
-145.591;-101.784;0.332016;0;0;0
-136.765;-101.784;0.337374;0;0;0
-127.94;-101.784;0.32139;0;0;0
-119.114;-101.784;0.283981;0;0;0
-110.289;-101.784;0.298278;0;0;0
-101.463;-101.784;0.288076;0;0;0
-92.6379;-101.784;0.294825;0;0;0
-83.8124;-101.784;0.317045;0;0;0
-74.987;-101.784;0.329021;0;0;0
-66.1615;-101.784;0.330447;0;0;0
-57.3361;-101.784;0.359065;0;0;0
-48.5106;-101.784;0.355122;0;0;0
-39.6852;-101.784;0.33797;0;0;0
-30.8597;-101.784;0.347957;0;0;0
-22.0342;-101.784;0.380379;0;0;0
-13.2088;-101.784;0.395041;0;0;0
-4.38334;-101.784;0.385617;0;0;0
4.44212;-101.784;0.372576;0;0;0
13.2676;-101.784;0.35434;0;0;0
22.093;-101.784;0.337964;0;0;0
30.9185;-101.784;0.328248;0;0;0
39.7439;-101.784;0.339061;0;0;0
48.5694;-101.784;0.448106;0;0;0
57.3948;-101.784;0.506423;0;0;0
66.2203;-101.784;0.564621;0;0;0
75.0458;-101.784;0.620854;0;0;0
83.8712;-101.784;0.649567;0;0;0
92.6967;-101.784;0.657558;0;0;0
101.522;-101.784;0.751154;0;0;0
110.348;-101.784;0.847233;0;0;0
119.173;-101.784;0.931605;0;0;0
127.998;-101.784;0.988091;0;0;0
136.824;-101.784;0.964505;0;0;0
145.649;-101.784;0.82754;0;0;0
154.475;-101.784;0.777424;0;0;0
163.3;-101.784;0.829083;0;0;0
172.126;-101.784;0.8994;0;0;0
180.951;-101.784;0.885107;0;0;0
189.777;-101.784;0.825513;0;0;0
198.602;-101.784;0.776868;0;0;0
207.428;-101.784;0.770582;0;0;0
216.253;-101.784;0.780465;0;0;0
225.078;-101.784;0.847045;0;0;0
-207.369;-110.609;0.453568;0;0;0
-198.543;-110.609;0.374494;0;0;0
-189.718;-110.609;0.488744;0;0;0
-180.892;-110.609;0.53663;0;0;0
-172.067;-110.609;0.450198;0;0;0
-163.242;-110.609;0.416593;0;0;0
-154.416;-110.609;0.403253;0;0;0
-145.591;-110.609;0.39263;0;0;0
-136.765;-110.609;0.37755;0;0;0
-127.94;-110.609;0.339126;0;0;0
-119.114;-110.609;0.276869;0;0;0
-110.289;-110.609;0.250242;0;0;0
-101.463;-110.609;0.235393;0;0;0
-92.6379;-110.609;0.262347;0;0;0
-83.8124;-110.609;0.286235;0;0;0
-74.987;-110.609;0.271429;0;0;0
-66.1615;-110.609;0.250868;0;0;0
-57.3361;-110.609;0.284314;0;0;0
-48.5106;-110.609;0.310112;0;0;0
-39.6852;-110.609;0.290947;0;0;0
-30.8597;-110.609;0.282089;0;0;0
-22.0342;-110.609;0.30073;0;0;0
-13.2088;-110.609;0.314547;0;0;0
-4.38334;-110.609;0.30986;0;0;0
4.44212;-110.609;0.307886;0;0;0
13.2676;-110.609;0.312171;0;0;0
22.093;-110.609;0.314813;0;0;0
30.9185;-110.609;0.320735;0;0;0
39.7439;-110.609;0.349375;0;0;0
48.5694;-110.609;0.458454;0;0;0
57.3948;-110.609;0.519264;0;0;0
66.2203;-110.609;0.559321;0;0;0
75.0458;-110.609;0.601053;0;0;0
83.8712;-110.609;0.647694;0;0;0
92.6967;-110.609;0.688522;0;0;0
101.522;-110.609;0.785661;0;0;0
110.348;-110.609;0.802522;0;0;0
119.173;-110.609;0.766508;0;0;0
127.998;-110.609;0.709498;0;0;0
136.824;-110.609;0.587613;0;0;0
145.649;-110.609;0.529717;0;0;0
154.475;-110.609;0.606448;0;0;0
163.3;-110.609;0.73698;0;0;0
172.126;-110.609;0.79492;0;0;0
180.951;-110.609;0.708562;0;0;0
189.777;-110.609;0.66971;0;0;0
198.602;-110.609;0.688757;0;0;0
207.428;-110.609;0.776982;0;0;0
216.253;-110.609;0.830362;0;0;0
225.078;-110.609;0.929555;0;0;0
-198.543;-119.435;0.341535;0;0;0
-189.718;-119.435;0.416687;0;0;0
-180.892;-119.435;0.466466;0;0;0
-172.067;-119.435;0.388113;0;0;0
-163.242;-119.435;0.403327;0;0;0
-154.416;-119.435;0.410799;0;0;0
-145.591;-119.435;0.389021;0;0;0
-136.765;-119.435;0.357531;0;0;0
-127.94;-119.435;0.312843;0;0;0
-119.114;-119.435;0.233549;0;0;0
-110.289;-119.435;0.204623;0;0;0
-101.463;-119.435;0.19015;0;0;0
-92.6379;-119.435;0.222986;0;0;0
-83.8124;-119.435;0.24528;0;0;0
-74.987;-119.435;0.21871;0;0;0
-66.1615;-119.435;0.184169;0;0;0
-57.3361;-119.435;0.211942;0;0;0
-48.5106;-119.435;0.25392;0;0;0
-39.6852;-119.435;0.245282;0;0;0
-30.8597;-119.435;0.218359;0;0;0
-22.0342;-119.435;0.200347;0;0;0
-13.2088;-119.435;0.198512;0;0;0
-4.38334;-119.435;0.222645;0;0;0
4.44212;-119.435;0.25549;0;0;0
13.2676;-119.435;0.312559;0;0;0
22.093;-119.435;0.354279;0;0;0
30.9185;-119.435;0.361137;0;0;0
39.7439;-119.435;0.365679;0;0;0
48.5694;-119.435;0.452367;0;0;0
57.3948;-119.435;0.535509;0;0;0
66.2203;-119.435;0.577088;0;0;0
75.0458;-119.435;0.60525;0;0;0
83.8712;-119.435;0.645644;0;0;0
92.6967;-119.435;0.685306;0;0;0
101.522;-119.435;0.709538;0;0;0
110.348;-119.435;0.653183;0;0;0
119.173;-119.435;0.542803;0;0;0
127.998;-119.435;0.434716;0;0;0
136.824;-119.435;0.377765;0;0;0
145.649;-119.435;0.460743;0;0;0
154.475;-119.435;0.678014;0;0;0
163.3;-119.435;0.792124;0;0;0
172.126;-119.435;0.654691;0;0;0
180.951;-119.435;0.479701;0;0;0
189.777;-119.435;0.558894;0;0;0
198.602;-119.435;0.733368;0;0;0
207.428;-119.435;0.920447;0;0;0
216.253;-119.435;0.98772;0;0;0
-198.543;-128.26;0.311289;0;0;0
-189.718;-128.26;0.330104;0;0;0
-180.892;-128.26;0.386365;0;0;0
-172.067;-128.26;0.328753;0;0;0
-163.242;-128.26;0.347664;0;0;0
-154.416;-128.26;0.332685;0;0;0
-145.591;-128.26;0.277052;0;0;0
-136.765;-128.26;0.235904;0;0;0
-127.94;-128.26;0.224616;0;0;0
-119.114;-128.26;0.174165;0;0;0
-110.289;-128.26;0.158062;0;0;0
-101.463;-128.26;0.128957;0;0;0
-92.6379;-128.26;0.143242;0;0;0
-83.8124;-128.26;0.173156;0;0;0
-74.987;-128.26;0.17153;0;0;0
-66.1615;-128.26;0.139145;0;0;0
-57.3361;-128.26;0.142828;0;0;0
-48.5106;-128.26;0.204011;0;0;0
-39.6852;-128.26;0.181787;0;0;0
-30.8597;-128.26;0.0809263;0;0;0
-22.0342;-128.26;7.70001e-05;0;0;0
-13.2088;-128.26;0.0113734;0;0;0
-4.38334;-128.26;0.106092;0;0;0
4.44212;-128.26;0.206621;0;0;0
13.2676;-128.26;0.316959;0;0;0
22.093;-128.26;0.407715;0;0;0
30.9185;-128.26;0.411597;0;0;0
39.7439;-128.26;0.329664;0;0;0
48.5694;-128.26;0.357268;0;0;0
57.3948;-128.26;0.424296;0;0;0
66.2203;-128.26;0.461311;0;0;0
75.0458;-128.26;0.46609;0;0;0
83.8712;-128.26;0.453032;0;0;0
92.6967;-128.26;0.43056;0;0;0
101.522;-128.26;0.442368;0;0;0
110.348;-128.26;0.456589;0;0;0
119.173;-128.26;0.425076;0;0;0
127.998;-128.26;0.37355;0;0;0
136.824;-128.26;0.401446;0;0;0
145.649;-128.26;0.586621;0;0;0
154.475;-128.26;0.682544;0;0;0
163.3;-128.26;0.591445;0;0;0
172.126;-128.26;0.334128;0;0;0
180.951;-128.26;0.261674;0;0;0
189.777;-128.26;0.616094;0;0;0
198.602;-128.26;1.02082;0;0;0
207.428;-128.26;1.24325;0;0;0
216.253;-128.26;1.25404;0;0;0
-198.543;-137.086;0.263731;0;0;0
-189.718;-137.086;0.203984;0;0;0
-180.892;-137.086;0.280538;0;0;0
-172.067;-137.086;0.26984;0;0;0
-163.242;-137.086;0.271118;0;0;0
-154.416;-137.086;0.204298;0;0;0
-145.591;-137.086;0.113352;0;0;0
-136.765;-137.086;0.0827192;0;0;0
-127.94;-137.086;0.121488;0;0;0
-119.114;-137.086;0.124285;0;0;0
-110.289;-137.086;0.105864;0;0;0
-101.463;-137.086;0.0537877;0;0;0
-92.6379;-137.086;0.0451167;0;0;0
-83.8124;-137.086;0.100233;0;0;0
-74.987;-137.086;0.141216;0;0;0
-66.1615;-137.086;0.101795;0;0;0
-57.3361;-137.086;0.0532972;0;0;0
-48.5106;-137.086;0.127575;0;0;0
-39.6852;-137.086;0.0286172;0;0;0
-30.8597;-137.086;-0.273566;0;0;0
-22.0342;-137.086;-0.482986;0;0;0
-13.2088;-137.086;-0.394958;0;0;0
-4.38334;-137.086;-0.160259;0;0;0
4.44212;-137.086;0.0495547;0;0;0
13.2676;-137.086;0.184371;0;0;0
22.093;-137.086;0.269426;0;0;0
30.9185;-137.086;0.29586;0;0;0
39.7439;-137.086;0.265419;0;0;0
48.5694;-137.086;0.251233;0;0;0
57.3948;-137.086;0.287707;0;0;0
66.2203;-137.086;0.319391;0;0;0
75.0458;-137.086;0.315743;0;0;0
83.8712;-137.086;0.274836;0;0;0
92.6967;-137.086;0.222079;0;0;0
101.522;-137.086;0.240691;0;0;0
110.348;-137.086;0.338931;0;0;0
119.173;-137.086;0.416958;0;0;0
127.998;-137.086;0.452396;0;0;0
136.824;-137.086;0.513487;0;0;0
145.649;-137.086;0.639541;0;0;0
154.475;-137.086;0.513453;0;0;0
163.3;-137.086;0.229613;0;0;0
172.126;-137.086;0.0130513;0;0;0
180.951;-137.086;0.237327;0;0;0
189.777;-137.086;0.937864;0;0;0
198.602;-137.086;1.47691;0;0;0
216.253;-137.086;1.5357;0;0;0
-189.718;-145.911;0.0902346;0;0;0
-180.892;-145.911;0.159943;0;0;0
-172.067;-145.911;0.170509;0;0;0
-163.242;-145.911;0.16695;0;0;0
-154.416;-145.911;0.100799;0;0;0
-145.591;-145.911;0.0122636;0;0;0
-136.765;-145.911;-0.00793961;0;0;0
-127.94;-145.911;0.0512452;0;0;0
-119.114;-145.911;0.0829991;0;0;0
-110.289;-145.911;0.0553347;0;0;0
-101.463;-145.911;-0.0207305;0;0;0
-92.6379;-145.911;-0.0390889;0;0;0
-83.8124;-145.911;0.0526723;0;0;0
-74.987;-145.911;0.128562;0;0;0
-66.1615;-145.911;0.0630938;0;0;0
-57.3361;-145.911;-0.055923;0;0;0
-48.5106;-145.911;-0.017129;0;0;0
-39.6852;-145.911;-0.243782;0;0;0
-30.8597;-145.911;-0.854927;0;0;0
-22.0342;-145.911;-1.39468;0;0;0
-13.2088;-145.911;-1.38932;0;0;0
-4.38334;-145.911;-0.794729;0;0;0
4.44212;-145.911;-0.285505;0;0;0
13.2676;-145.911;-0.087395;0;0;0
22.093;-145.911;0.0158422;0;0;0
30.9185;-145.911;0.0982888;0;0;0
39.7439;-145.911;0.154099;0;0;0
48.5694;-145.911;0.173692;0;0;0
57.3948;-145.911;0.203699;0;0;0
66.2203;-145.911;0.23575;0;0;0
75.0458;-145.911;0.245227;0;0;0
83.8712;-145.911;0.217334;0;0;0
92.6967;-145.911;0.169748;0;0;0
101.522;-145.911;0.201812;0;0;0
110.348;-145.911;0.327222;0;0;0
119.173;-145.911;0.437788;0;0;0
127.998;-145.911;0.495;0;0;0
136.824;-145.911;0.517462;0;0;0
145.649;-145.911;0.45876;0;0;0
154.475;-145.911;0.306745;0;0;0
163.3;-145.911;0.153618;0;0;0
172.126;-145.911;0.179188;0;0;0
180.951;-145.911;0.701274;0;0;0
189.777;-145.911;1.50216;0;0;0
198.602;-145.911;1.90135;0;0;0
-180.892;-154.736;0.10548;0;0;0
-172.067;-154.736;0.107577;0;0;0
-163.242;-154.736;0.0921211;0;0;0
-154.416;-154.736;0.0501219;0;0;0
-145.591;-154.736;0.00681184;0;0;0
-136.765;-154.736;0.000105508;0;0;0
-127.94;-154.736;0.0375059;0;0;0
-119.114;-154.736;0.0555528;0;0;0
-110.289;-154.736;0.0243773;0;0;0
-101.463;-154.736;-0.0737166;0;0;0
-92.6379;-154.736;-0.0981052;0;0;0
-83.8124;-154.736;0.00812484;0;0;0
-74.987;-154.736;0.0968296;0;0;0
-66.1615;-154.736;0.0302963;0;0;0
-57.3361;-154.736;-0.120442;0;0;0
-48.5106;-154.736;-0.119171;0;0;0
-39.6852;-154.736;-0.359953;0;0;0
-30.8597;-154.736;-0.962424;0;0;0
-22.0342;-154.736;-1.5519;0;0;0
-13.2088;-154.736;-1.69009;0;0;0
-4.38334;-154.736;-1.19997;0;0;0
4.44212;-154.736;-0.431069;0;0;0
13.2676;-154.736;-0.166366;0;0;0
22.093;-154.736;-0.0484312;0;0;0
30.9185;-154.736;0.0507397;0;0;0
39.7439;-154.736;0.133965;0;0;0
48.5694;-154.736;0.171547;0;0;0
57.3948;-154.736;0.202988;0;0;0
66.2203;-154.736;0.234152;0;0;0
75.0458;-154.736;0.254001;0;0;0
83.8712;-154.736;0.251398;0;0;0
92.6967;-154.736;0.231654;0;0;0
101.522;-154.736;0.278585;0;0;0
110.348;-154.736;0.36806;0;0;0
119.173;-154.736;0.400611;0;0;0
127.998;-154.736;0.367562;0;0;0
136.824;-154.736;0.317721;0;0;0
145.649;-154.736;0.262879;0;0;0
154.475;-154.736;0.299177;0;0;0
163.3;-154.736;0.485259;0;0;0
172.126;-154.736;0.865376;0;0;0
180.951;-154.736;1.47307;0;0;0
189.777;-154.736;1.94556;0;0;0
198.602;-154.736;2.01755;0;0;0
-163.242;-163.562;0.0790152;0;0;0
-154.416;-163.562;0.0396887;0;0;0
-145.591;-163.562;0.0390774;0;0;0
-136.765;-163.562;0.0553486;0;0;0
-127.94;-163.562;0.0618817;0;0;0
-119.114;-163.562;0.0588393;0;0;0
-110.289;-163.562;0.0224944;0;0;0
-101.463;-163.562;-0.0786302;0;0;0
-92.6379;-163.562;-0.137846;0;0;0
-83.8124;-163.562;-0.0604198;0;0;0
-74.987;-163.562;0.0199828;0;0;0
-66.1615;-163.562;-0.0360208;0;0;0
-57.3361;-163.562;-0.171488;0;0;0
-48.5106;-163.562;-0.100055;0;0;0
-39.6852;-163.562;-0.150417;0;0;0
-30.8597;-163.562;-0.515467;0;0;0
-22.0342;-163.562;-0.914339;0;0;0
-13.2088;-163.562;-1.04325;0;0;0
-4.38334;-163.562;-0.776274;0;0;0
4.44212;-163.562;-0.223521;0;0;0
13.2676;-163.562;-0.025849;0;0;0
22.093;-163.562;0.0597839;0;0;0
30.9185;-163.562;0.127753;0;0;0
39.7439;-163.562;0.190742;0;0;0
48.5694;-163.562;0.22681;0;0;0
57.3948;-163.562;0.256232;0;0;0
66.2203;-163.562;0.278704;0;0;0
75.0458;-163.562;0.284006;0;0;0
83.8712;-163.562;0.275785;0;0;0
92.6967;-163.562;0.273613;0;0;0
101.522;-163.562;0.31994;0;0;0
110.348;-163.562;0.37263;0;0;0
119.173;-163.562;0.361049;0;0;0
127.998;-163.562;0.304855;0;0;0
136.824;-163.562;0.268893;0;0;0
145.649;-163.562;0.298098;0;0;0
154.475;-163.562;0.516715;0;0;0
163.3;-163.562;0.916972;0;0;0
172.126;-163.562;1.33577;0;0;0
180.951;-163.562;1.76178;0;0;0
189.777;-163.562;1.95386;0;0;0
-154.416;-172.387;0.0388049;0;0;0
-145.591;-172.387;0.0260543;0;0;0
-136.765;-172.387;0.0415776;0;0;0
-127.94;-172.387;0.0330074;0;0;0
-119.114;-172.387;0.0175696;0;0;0
-110.289;-172.387;-0.00561309;0;0;0
-101.463;-172.387;-0.0843776;0;0;0
-92.6379;-172.387;-0.143441;0;0;0
-83.8124;-172.387;-0.105427;0;0;0
-74.987;-172.387;-0.0493649;0;0;0
-66.1615;-172.387;-0.0909403;0;0;0
-57.3361;-172.387;-0.219694;0;0;0
-48.5106;-172.387;-0.171459;0;0;0
-39.6852;-172.387;-0.0325098;0;0;0
-30.8597;-172.387;-0.102992;0;0;0
-22.0342;-172.387;-0.230359;0;0;0
-13.2088;-172.387;-0.213068;0;0;0
-4.38334;-172.387;-0.0162933;0;0;0
4.44212;-172.387;0.151005;0;0;0
13.2676;-172.387;0.216118;0;0;0
22.093;-172.387;0.217099;0;0;0
30.9185;-172.387;0.209244;0;0;0
39.7439;-172.387;0.228127;0;0;0
48.5694;-172.387;0.27108;0;0;0
57.3948;-172.387;0.289386;0;0;0
66.2203;-172.387;0.29263;0;0;0
75.0458;-172.387;0.290331;0;0;0
83.8712;-172.387;0.285531;0;0;0
92.6967;-172.387;0.287534;0;0;0
101.522;-172.387;0.323684;0;0;0
110.348;-172.387;0.381566;0;0;0
119.173;-172.387;0.392195;0;0;0
127.998;-172.387;0.374335;0;0;0
136.824;-172.387;0.389772;0;0;0
145.649;-172.387;0.505516;0;0;0
154.475;-172.387;0.793738;0;0;0
163.3;-172.387;1.10018;0;0;0
172.126;-172.387;1.40239;0;0;0
-154.416;-181.213;0.0881115;0;0;0
-145.591;-181.213;-0.00809266;0;0;0
-136.765;-181.213;-0.0514037;0;0;0
-127.94;-181.213;-0.0842678;0;0;0
-119.114;-181.213;-0.122212;0;0;0
-110.289;-181.213;-0.135257;0;0;0
-101.463;-181.213;-0.197982;0;0;0
-92.6379;-181.213;-0.265882;0;0;0
-83.8124;-181.213;-0.245224;0;0;0
-74.987;-181.213;-0.163419;0;0;0
-66.1615;-181.213;-0.145048;0;0;0
-57.3361;-181.213;-0.242558;0;0;0
-48.5106;-181.213;-0.233608;0;0;0
-39.6852;-181.213;-0.0604836;0;0;0
-30.8597;-181.213;0.0214196;0;0;0
-22.0342;-181.213;0.0527812;0;0;0
-13.2088;-181.213;0.165789;0;0;0
-4.38334;-181.213;0.36934;0;0;0
4.44212;-181.213;0.385145;0;0;0
13.2676;-181.213;0.370838;0;0;0
22.093;-181.213;0.30413;0;0;0
30.9185;-181.213;0.226294;0;0;0
39.7439;-181.213;0.197626;0;0;0
48.5694;-181.213;0.240356;0;0;0
57.3948;-181.213;0.254808;0;0;0
66.2203;-181.213;0.256062;0;0;0
75.0458;-181.213;0.266766;0;0;0
83.8712;-181.213;0.278821;0;0;0
92.6967;-181.213;0.283494;0;0;0
101.522;-181.213;0.291821;0;0;0
110.348;-181.213;0.330293;0;0;0
119.173;-181.213;0.366243;0;0;0
127.998;-181.213;0.402605;0;0;0
136.824;-181.213;0.472044;0;0;0
145.649;-181.213;0.632686;0;0;0
154.475;-181.213;0.838849;0;0;0
163.3;-181.213;1.02199;0;0;0
-145.591;-190.038;-0.0437647;0;0;0
-136.765;-190.038;-0.103805;0;0;0
-127.94;-190.038;-0.133638;0;0;0
-119.114;-190.038;-0.178201;0;0;0
-110.289;-190.038;-0.214024;0;0;0
-101.463;-190.038;-0.312312;0;0;0
-92.6379;-190.038;-0.439364;0;0;0
-83.8124;-190.038;-0.429465;0;0;0
-74.987;-190.038;-0.299572;0;0;0
-66.1615;-190.038;-0.195734;0;0;0
-57.3361;-190.038;-0.215419;0;0;0
-48.5106;-190.038;-0.205376;0;0;0
-39.6852;-190.038;-0.113741;0;0;0
-30.8597;-190.038;-0.0345143;0;0;0
-22.0342;-190.038;0.0503374;0;0;0
-13.2088;-190.038;0.176067;0;0;0
-4.38334;-190.038;0.309871;0;0;0
4.44212;-190.038;0.307591;0;0;0
13.2676;-190.038;0.229242;0;0;0
22.093;-190.038;0.152682;0;0;0
30.9185;-190.038;0.0879796;0;0;0
39.7439;-190.038;0.0704734;0;0;0
48.5694;-190.038;0.11659;0;0;0
57.3948;-190.038;0.141382;0;0;0
66.2203;-190.038;0.164629;0;0;0
75.0458;-190.038;0.204904;0;0;0
83.8712;-190.038;0.240165;0;0;0
92.6967;-190.038;0.253287;0;0;0
101.522;-190.038;0.253803;0;0;0
110.348;-190.038;0.275318;0;0;0
119.173;-190.038;0.309181;0;0;0
127.998;-190.038;0.359393;0;0;0
136.824;-190.038;0.437583;0;0;0
145.649;-190.038;0.568834;0;0;0
154.475;-190.038;0.689671;0;0;0
-127.94;-198.864;-0.179065;0;0;0
-119.114;-198.864;-0.191407;0;0;0
-110.289;-198.864;-0.206851;0;0;0
-101.463;-198.864;-0.336376;0;0;0
-92.6379;-198.864;-0.530313;0;0;0
-83.8124;-198.864;-0.529665;0;0;0
-74.987;-198.864;-0.387191;0;0;0
-66.1615;-198.864;-0.234938;0;0;0
-57.3361;-198.864;-0.167748;0;0;0
-48.5106;-198.864;-0.157837;0;0;0
-39.6852;-198.864;-0.123925;0;0;0
-30.8597;-198.864;-0.0933697;0;0;0
-22.0342;-198.864;-0.0311365;0;0;0
-13.2088;-198.864;0.0687303;0;0;0
-4.38334;-198.864;0.155685;0;0;0
4.44212;-198.864;0.141318;0;0;0
13.2676;-198.864;0.0949395;0;0;0
22.093;-198.864;0.0464379;0;0;0
30.9185;-198.864;-0.0056406;0;0;0
39.7439;-198.864;-0.0278897;0;0;0
48.5694;-198.864;0.0024192;0;0;0
57.3948;-198.864;0.0397654;0;0;0
66.2203;-198.864;0.0877512;0;0;0
75.0458;-198.864;0.148636;0;0;0
83.8712;-198.864;0.197641;0;0;0
92.6967;-198.864;0.223242;0;0;0
101.522;-198.864;0.2423;0;0;0
110.348;-198.864;0.271712;0;0;0
119.173;-198.864;0.296587;0;0;0
127.998;-198.864;0.320497;0;0;0
136.824;-198.864;0.36691;0;0;0
145.649;-198.864;0.459212;0;0;0
154.475;-198.864;0.495955;0;0;0
-119.114;-207.689;-0.270276;0;0;0
-110.289;-207.689;-0.239609;0;0;0
-101.463;-207.689;-0.329051;0;0;0
-92.6379;-207.689;-0.481461;0;0;0
-83.8124;-207.689;-0.458641;0;0;0
-74.987;-207.689;-0.369574;0;0;0
-66.1615;-207.689;-0.272917;0;0;0
-57.3361;-207.689;-0.212231;0;0;0
-48.5106;-207.689;-0.190162;0;0;0
-39.6852;-207.689;-0.18102;0;0;0
-30.8597;-207.689;-0.15931;0;0;0
-22.0342;-207.689;-0.115259;0;0;0
-13.2088;-207.689;-0.0509133;0;0;0
-4.38334;-207.689;0.00354622;0;0;0
4.44212;-207.689;0.00477394;0;0;0
13.2676;-207.689;-0.00385704;0;0;0
22.093;-207.689;-0.0242656;0;0;0
30.9185;-207.689;-0.0591217;0;0;0
39.7439;-207.689;-0.0774599;0;0;0
48.5694;-207.689;-0.0515214;0;0;0
57.3948;-207.689;0.00848603;0;0;0
66.2203;-207.689;0.0832326;0;0;0
75.0458;-207.689;0.150646;0;0;0
83.8712;-207.689;0.20666;0;0;0
92.6967;-207.689;0.258251;0;0;0
101.522;-207.689;0.298289;0;0;0
110.348;-207.689;0.331689;0;0;0
119.173;-207.689;0.342435;0;0;0
127.998;-207.689;0.342419;0;0;0
136.824;-207.689;0.345072;0;0;0
145.649;-207.689;0.365949;0;0;0
-92.6379;-216.515;-0.50231;0;0;0
-83.8124;-216.515;-0.425025;0;0;0
-74.987;-216.515;-0.342981;0;0;0
-66.1615;-216.515;-0.297231;0;0;0
-57.3361;-216.515;-0.273867;0;0;0
-48.5106;-216.515;-0.270014;0;0;0
-39.6852;-216.515;-0.248733;0;0;0
-30.8597;-216.515;-0.207467;0;0;0
-22.0342;-216.515;-0.160369;0;0;0
-13.2088;-216.515;-0.115424;0;0;0
-4.38334;-216.515;-0.0866525;0;0;0
4.44212;-216.515;-0.0859569;0;0;0
13.2676;-216.515;-0.084967;0;0;0
22.093;-216.515;-0.101814;0;0;0
30.9185;-216.515;-0.121603;0;0;0
39.7439;-216.515;-0.108677;0;0;0
48.5694;-216.515;-0.0414697;0;0;0
57.3948;-216.515;0.0683996;0;0;0
66.2203;-216.515;0.166545;0;0;0
75.0458;-216.515;0.239702;0;0;0
83.8712;-216.515;0.320798;0;0;0
92.6967;-216.515;0.405518;0;0;0
101.522;-216.515;0.466776;0;0;0
110.348;-216.515;0.457416;0;0;0
119.173;-216.515;0.42526;0;0;0
-83.8124;-225.34;-0.409622;0;0;0
-74.987;-225.34;-0.322957;0;0;0
-66.1615;-225.34;-0.290027;0;0;0
-57.3361;-225.34;-0.289719;0;0;0
-48.5106;-225.34;-0.302424;0;0;0
-39.6852;-225.34;-0.267676;0;0;0
-30.8597;-225.34;-0.210982;0;0;0
-22.0342;-225.34;-0.170459;0;0;0
-13.2088;-225.34;-0.146156;0;0;0
-4.38334;-225.34;-0.140338;0;0;0
4.44212;-225.34;-0.157586;0;0;0
13.2676;-225.34;-0.18259;0;0;0
22.093;-225.34;-0.20455;0;0;0
30.9185;-225.34;-0.193569;0;0;0
39.7439;-225.34;-0.0969596;0;0;0
48.5694;-225.34;0.0284013;0;0;0
57.3948;-225.34;0.197788;0;0;0
66.2203;-225.34;0.277118;0;0;0
75.0458;-225.34;0.335775;0;0;0
83.8712;-225.34;0.402585;0;0;0
92.6967;-225.34;0.42696;0;0;0
-57.3361;-234.166;-0.279409;0;0;0
-48.5106;-234.166;-0.296375;0;0;0
-39.6852;-234.166;-0.239044;0;0;0
-30.8597;-234.166;-0.18196;0;0;0
-22.0342;-234.166;-0.162428;0;0;0
-13.2088;-234.166;-0.163149;0;0;0
-4.38334;-234.166;-0.180063;0;0;0
4.44212;-234.166;-0.217999;0;0;0
13.2676;-234.166;-0.287226;0;0;0
22.093;-234.166;-0.260081;0;0;0
30.9185;-234.166;-0.127673;0;0;0
39.7439;-234.166;0.112247;0;0;0
48.5694;-234.166;0.272323;0;0;0
57.3948;-234.166;0.257318;0;0;0
66.2203;-234.166;0.114577;0;0;0
75.0458;-234.166;-0.0343728;0;0;0
-4.38334;-242.991;-0.169057;0;0;0
4.44212;-242.991;-0.202343;0;0;0
13.2676;-242.991;-0.250817;0;0;0
22.093;-242.991;-0.0625753;0;0;0
30.9185;-242.991;0.271728;0;0;0
39.7439;-242.991;0.49604;0;0;0
