Index;ADC 1 channel 1 [V]
1;-0.0014739
2;-0.0236334
3;-0.0306938
4;-0.00770641
5;0.616305
6;0.74572
7;0.919826
8;1.06736
9;1.19519
10;1.31613
11;1.43193
12;1.53952
13;1.64434
14;1.74651
15;1.84938
16;1.94995
17;2.04642
18;2.14195
19;2.23627
20;2.32798
21;2.42179
22;2.51137
23;2.59918
24;2.68232
25;2.76557
26;2.8457
27;2.91609
28;2.98275
29;3.04662
30;3.10934
31;3.16307
32;3.21836
33;3.26925
34;3.31455
35;3.35684
36;3.39608
37;3.42858
38;3.46608
39;3.49639
40;3.51894
41;3.54091
42;3.56247
43;3.57845
44;3.5683
45;3.54539
46;3.5323
47;3.51912
48;3.51441
49;3.51033
50;3.50814
51;3.50322
52;3.49843
53;3.4991
54;3.49662
55;3.49736
56;3.49226
57;3.49487
58;3.50067
59;3.50613
60;3.51691
61;3.52143
62;3.52961
63;3.53935
64;3.54907
65;3.55664
66;3.56204
67;3.56733
68;3.57576
69;3.57785
70;3.57295
71;3.57032
72;3.57158
73;3.57259
74;3.57612
75;3.5787
76;3.58259
77;3.58326
78;3.58342
79;3.58605
80;3.58818
81;3.59201
82;3.58687
83;3.59029
84;3.59223
85;3.59189
86;3.59339
87;3.59769
88;3.59945
89;3.59837
90;3.59695
91;3.60052
92;3.59664
93;3.59657
94;3.5958
95;3.59847
96;3.59878
97;3.60263
98;3.60863
99;3.60936
100;3.61098
101;3.6086
102;3.60694
103;3.598
104;3.59634
105;3.59363
106;3.6001
107;3.60411
108;3.60521
109;3.60978
110;3.60672
111;3.61168
112;3.61348
113;3.60923
114;3.60214
115;3.59628
116;3.59889
117;3.59813
118;3.60526
119;3.60532
120;3.6055
121;3.6081
122;3.60472
123;3.60378
124;3.60536
125;3.60194
126;3.59912
127;3.5983
128;3.59891
129;3.60094
130;3.6047
131;3.60398
132;3.60317
133;3.60094
134;3.60065
135;3.597
136;3.59402
137;3.58882
138;3.5889
139;3.58976
140;3.59382
141;3.59579
142;3.59575
143;3.59857
144;3.59513
145;3.58976
146;3.58388
147;3.57385
148;3.57282
149;3.57649
150;3.57653
151;3.58161
152;3.58322
153;3.58439
154;3.58257
155;3.58058
156;3.58045
157;3.57808
158;3.56354
159;3.55858
160;3.55217
161;3.54524
162;3.54543
163;3.54196
164;3.54071
165;3.53611
166;3.536
167;3.53575
168;3.53049
169;3.5292
170;3.53476
171;3.53188
172;3.53142
173;3.5327
174;3.53348
175;3.52985
176;3.53141
177;3.53628
178;3.53028
179;3.5329
180;3.53439
181;3.53478
182;3.53591
183;3.53788
184;3.53713
185;3.53837
186;3.5399
187;3.54397
188;3.54467
189;3.54348
190;3.54654
191;3.54526
192;3.54645
193;3.54611
194;3.54544
195;3.54495
196;3.54608
197;3.54587
198;3.546
199;3.54659
200;3.54785
201;3.54784
202;3.54558
203;3.54506
204;3.54826
205;3.54506
206;3.54568
207;3.54789
208;3.54461
209;3.54359
210;3.54342
211;3.54211
212;3.54591
213;3.54304
214;3.54367
215;3.5443
216;3.54183
217;3.54306
218;3.54178
219;3.5447
220;3.54078
221;3.53947
222;3.53919
223;3.54279
224;3.54017
225;3.53916
226;3.54142
227;3.54141
228;3.543
229;3.5418
230;3.54213
231;3.54137
232;3.53157
233;3.53692
234;3.53602
235;3.53263
236;3.53265
237;3.53722
238;3.53011
239;3.53537
240;3.53519
241;3.53224
242;3.53598
243;3.53657
244;3.53539
245;3.54082
246;3.54145
247;3.53751
248;3.5395
249;3.5362
250;3.53784
251;3.53852
252;3.53562
253;3.53455
254;3.53371
255;3.53254
256;3.5326
257;3.52993
258;3.53059
259;3.53149
260;3.53124
261;3.53283
262;3.5329
263;3.53324
264;3.52957
265;3.5293
266;3.5289
267;3.52697
268;3.52828
269;3.53193
270;3.52704
271;3.52634
272;3.52138
273;3.52547
274;3.52267
275;3.52329
276;3.5197
277;3.5189
278;3.51975
279;3.52207
280;3.52037
281;3.51808
282;3.51663
283;3.51774
284;3.51915
285;3.52058
286;3.51826
287;3.51755
288;3.51466
289;3.51753
290;3.51464
291;3.51461
292;3.51176
293;3.51031
294;3.51243
295;3.51339
296;3.51278
297;3.51729
298;3.52138
299;3.51819
300;3.52198
301;3.51722
302;3.51853
303;3.51885
304;3.51785
305;3.51726
306;3.51406
307;3.51534
308;3.51531
309;3.51593
310;3.51373
311;3.5142
312;3.5144
313;3.51408
314;3.51694
315;3.51375
316;3.51222
317;3.50898
318;3.50984
319;3.50843
320;3.50783
321;3.50673
322;3.50398
323;3.50286
324;3.50203
325;3.50028
326;3.50292
327;3.5025
328;3.50172
329;3.50026
330;3.50217
331;3.4985
332;3.50128
333;3.49919
334;3.50047
335;3.49614
336;3.4993
337;3.49585
338;3.49473
339;3.48887
340;3.48759
341;3.48474
342;3.48767
343;3.48824
344;3.48817
345;3.49298
346;3.48528
347;3.48854
348;3.4853
349;3.48851
350;3.4866
351;3.48679
352;3.49089
353;3.49235
354;3.49254
355;3.49246
356;3.49234
357;3.48934
358;3.49241
359;3.49111
360;3.49232
361;3.48835
362;3.48749
363;3.48849
364;3.48724
365;3.49111
366;3.48694
367;3.48823
368;3.48947
369;3.48537
370;3.48657
371;3.48685
372;3.48589
373;3.48561
374;3.48382
375;3.4863
376;3.48393
377;3.48187
378;3.48025
379;3.48072
380;3.48013
381;3.47552
382;3.47727
383;3.47489
384;3.47366
385;3.47467
386;3.47486
387;3.48052
388;3.4772
389;3.47913
390;3.47932
391;3.47393
392;3.46958
393;3.47052
394;3.46362
395;3.46111
396;3.45633
397;3.46121
398;3.45705
399;3.45711
400;3.45777
401;3.45802
402;3.45641
403;3.45915
404;3.46019
405;3.46129
406;3.45961
407;3.46137
408;3.4619
409;3.46323
410;3.46284
411;3.46255
412;3.46081
413;3.46083
414;3.46139
415;3.46004
416;3.46082
417;3.46078
418;3.46116
419;3.45562
420;3.45661
421;3.45705
422;3.45775
423;3.45397
424;3.45524
425;3.45363
426;3.45425
427;3.45141
428;3.44777
429;3.44754
430;3.44753
431;3.44692
432;3.44789
433;3.44345
434;3.44146
435;3.4406
436;3.44236
437;3.44273
438;3.44255
439;3.44259
440;3.43942
441;3.44181
442;3.43905
443;3.44066
444;3.44071
445;3.43851
446;3.43853
447;3.43721
448;3.43498
449;3.43976
450;3.43817